atc_idx,atc_code
1,A
2,A01
3,A01A
4,A01AA
5,A01AA01
6,A01AA02
7,A01AA03
8,A01AA04
9,A01AA30
10,A01AA51
11,A01AB
12,A01AB02
13,A01AB03
14,A01AB04
15,A01AB05
16,A01AB06
17,A01AB07
18,A01AB08
19,A01AB09
20,A01AB10
21,A01AB11
22,A01AB12
23,A01AB13
24,A01AB14
25,A01AB15
26,A01AB16
27,A01AB17
28,A01AB18
29,A01AB19
30,A01AB21
31,A01AB22
32,A01AB23
33,A01AC
34,A01AC01
35,A01AC02
36,A01AC03
37,A01AC54
38,A01AD
39,A01AD01
40,A01AD02
41,A01AD05
42,A01AD06
43,A01AD07
44,A01AD08
45,A01AD11
46,A02
47,A02A
48,A02AA
49,A02AA01
50,A02AA02
51,A02AA03
52,A02AA04
53,A02AA05
54,A02AA10
55,A02AB
56,A02AB01
57,A02AB02
58,A02AB03
59,A02AB04
60,A02AB05
61,A02AB06
62,A02AB07
63,A02AB10
64,A02AC
65,A02AC01
66,A02AC02
67,A02AC10
68,A02AD
69,A02AD01
70,A02AD02
71,A02AD03
72,A02AD04
73,A02AD05
74,A02AF
75,A02AF01
76,A02AF02
77,A02AG
78,A02AH
79,A02AX
80,A02B
81,A02BA
82,A02BA01
83,A02BA02
84,A02BA03
85,A02BA04
86,A02BA05
87,A02BA06
88,A02BA07
89,A02BA08
90,A02BA51
91,A02BA53
92,A02BB
93,A02BB01
94,A02BB02
95,A02BC
96,A02BC01
97,A02BC02
98,A02BC03
99,A02BC04
100,A02BC05
101,A02BC06
102,A02BC07
103,A02BC08
104,A02BC09
105,A02BC53
106,A02BC54
107,A02BD
108,A02BD01
109,A02BD02
110,A02BD03
111,A02BD04
112,A02BD05
113,A02BD06
114,A02BD07
115,A02BD08
116,A02BD09
117,A02BD10
118,A02BD11
119,A02BD12
120,A02BD13
121,A02BD14
122,A02BD15
123,A02BD16
124,A02BX
125,A02BX01
126,A02BX02
127,A02BX03
128,A02BX04
129,A02BX05
130,A02BX06
131,A02BX07
132,A02BX08
133,A02BX09
134,A02BX10
135,A02BX11
136,A02BX12
137,A02BX13
138,A02BX14
139,A02BX51
140,A02BX71
141,A02BX77
142,A03
143,A03A
144,A03AA
145,A03AA01
146,A03AA03
147,A03AA04
148,A03AA05
149,A03AA06
150,A03AA07
151,A03AA08
152,A03AA09
153,A03AA30
154,A03AB
155,A03AB01
156,A03AB02
157,A03AB03
158,A03AB04
159,A03AB05
160,A03AB06
161,A03AB07
162,A03AB08
163,A03AB09
164,A03AB10
165,A03AB11
166,A03AB12
167,A03AB13
168,A03AB14
169,A03AB15
170,A03AB16
171,A03AB17
172,A03AB18
173,A03AB19
174,A03AB21
175,A03AB53
176,A03AC
177,A03AC02
178,A03AC04
179,A03AC05
180,A03AD
181,A03AD01
182,A03AD02
183,A03AD30
184,A03AE
185,A03AE01
186,A03AE03
187,A03AX
188,A03AX01
189,A03AX02
190,A03AX03
191,A03AX04
192,A03AX05
193,A03AX06
194,A03AX07
195,A03AX08
196,A03AX09
197,A03AX10
198,A03AX11
199,A03AX12
200,A03AX13
201,A03AX14
202,A03AX15
203,A03AX30
204,A03AX58
205,A03B
206,A03BA
207,A03BA01
208,A03BA03
209,A03BA04
210,A03BB
211,A03BB01
212,A03BB02
213,A03BB03
214,A03BB04
215,A03BB05
216,A03BB06
217,A03C
218,A03CA
219,A03CA01
220,A03CA02
221,A03CA03
222,A03CA04
223,A03CA05
224,A03CA06
225,A03CA07
226,A03CA08
227,A03CA09
228,A03CA30
229,A03CA34
230,A03CB
231,A03CB01
232,A03CB02
233,A03CB03
234,A03CB04
235,A03CB31
236,A03CC
237,A03D
238,A03DA
239,A03DA01
240,A03DA02
241,A03DA03
242,A03DA04
243,A03DA05
244,A03DA06
245,A03DA07
246,A03DB
247,A03DB04
248,A03DC
249,A03E
250,A03EA
251,A03ED
252,A03F
253,A03FA
254,A03FA01
255,A03FA02
256,A03FA03
257,A03FA04
258,A03FA05
259,A03FA06
260,A03FA07
261,A03FA08
262,A03FA09
263,A04
264,A04A
265,A04AA
266,A04AA01
267,A04AA02
268,A04AA03
269,A04AA04
270,A04AA05
271,A04AA55
272,A04AD
273,A04AD01
274,A04AD02
275,A04AD04
276,A04AD05
277,A04AD10
278,A04AD11
279,A04AD12
280,A04AD13
281,A04AD14
282,A04AD51
283,A04AD54
284,A05
285,A05A
286,A05AA
287,A05AA01
288,A05AA02
289,A05AA03
290,A05AA04
291,A05AB
292,A05AB01
293,A05AX
294,A05AX01
295,A05AX02
296,A05AX03
297,A05AX04
298,A05AX05
299,A05B
300,A05BA
301,A05BA01
302,A05BA03
303,A05BA04
304,A05BA05
305,A05BA06
306,A05BA07
307,A05BA08
308,A05BA09
309,A06
310,A06A
311,A06AA
312,A06AA01
313,A06AA02
314,A06AA51
315,A06AB
316,A06AB01
317,A06AB02
318,A06AB03
319,A06AB04
320,A06AB05
321,A06AB06
322,A06AB07
323,A06AB08
324,A06AB09
325,A06AB20
326,A06AB30
327,A06AB52
328,A06AB53
329,A06AB56
330,A06AB57
331,A06AB58
332,A06AC
333,A06AC01
334,A06AC02
335,A06AC03
336,A06AC05
337,A06AC06
338,A06AC07
339,A06AC08
340,A06AC51
341,A06AC53
342,A06AC55
343,A06AD
344,A06AD01
345,A06AD02
346,A06AD03
347,A06AD04
348,A06AD10
349,A06AD11
350,A06AD12
351,A06AD13
352,A06AD14
353,A06AD15
354,A06AD16
355,A06AD17
356,A06AD18
357,A06AD19
358,A06AD21
359,A06AD61
360,A06AD65
361,A06AG
362,A06AG01
363,A06AG02
364,A06AG03
365,A06AG04
366,A06AG06
367,A06AG07
368,A06AG10
369,A06AG11
370,A06AG20
371,A06AH
372,A06AH01
373,A06AH02
374,A06AH03
375,A06AH04
376,A06AH05
377,A06AX
378,A06AX01
379,A06AX02
380,A06AX03
381,A06AX04
382,A06AX05
383,A06AX06
384,A06AX07
385,A06AX08
386,A07
387,A07A
388,A07AA
389,A07AA01
390,A07AA02
391,A07AA03
392,A07AA04
393,A07AA05
394,A07AA06
395,A07AA07
396,A07AA08
397,A07AA09
398,A07AA10
399,A07AA11
400,A07AA12
401,A07AA13
402,A07AA51
403,A07AA54
404,A07AB
405,A07AB02
406,A07AB03
407,A07AB04
408,A07AC
409,A07AC01
410,A07AX
411,A07AX01
412,A07AX02
413,A07AX03
414,A07AX04
415,A07B
416,A07BA
417,A07BA01
418,A07BA51
419,A07BB
420,A07BC
421,A07BC01
422,A07BC02
423,A07BC03
424,A07BC04
425,A07BC05
426,A07BC30
427,A07BC54
428,A07C
429,A07CA
430,A07D
431,A07DA
432,A07DA01
433,A07DA02
434,A07DA03
435,A07DA04
436,A07DA05
437,A07DA06
438,A07DA52
439,A07DA53
440,A07E
441,A07EA
442,A07EA01
443,A07EA02
444,A07EA03
445,A07EA04
446,A07EA05
447,A07EA06
448,A07EA07
449,A07EB
450,A07EB01
451,A07EC
452,A07EC01
453,A07EC02
454,A07EC03
455,A07EC04
456,A07F
457,A07FA
458,A07FA01
459,A07FA02
460,A07FA51
461,A07X
462,A07XA
463,A07XA01
464,A07XA02
465,A07XA03
466,A07XA04
467,A07XA06
468,A07XA51
469,A08
470,A08A
471,A08AA
472,A08AA01
473,A08AA02
474,A08AA03
475,A08AA04
476,A08AA05
477,A08AA06
478,A08AA07
479,A08AA08
480,A08AA09
481,A08AA10
482,A08AA11
483,A08AA12
484,A08AA56
485,A08AA62
486,A08AB
487,A08AB01
488,A08AX
489,A08AX01
490,A09
491,A09A
492,A09AA
493,A09AA01
494,A09AA02
495,A09AA03
496,A09AA04
497,A09AB
498,A09AB01
499,A09AB02
500,A09AB03
501,A09AB04
502,A09AC
503,A09AC01
504,A09AC02
505,A10
506,A10A
507,A10AB
508,A10AB01
509,A10AB02
510,A10AB03
511,A10AB04
512,A10AB05
513,A10AB06
514,A10AB30
515,A10AC
516,A10AC01
517,A10AC02
518,A10AC03
519,A10AC04
520,A10AC30
521,A10AD
522,A10AD01
523,A10AD02
524,A10AD03
525,A10AD04
526,A10AD05
527,A10AD06
528,A10AD30
529,A10AE
530,A10AE01
531,A10AE02
532,A10AE03
533,A10AE04
534,A10AE05
535,A10AE06
536,A10AE30
537,A10AE54
538,A10AE56
539,A10AF
540,A10AF01
541,A10B
542,A10BA
543,A10BA01
544,A10BA02
545,A10BA03
546,A10BB
547,A10BB01
548,A10BB02
549,A10BB03
550,A10BB04
551,A10BB05
552,A10BB06
553,A10BB07
554,A10BB08
555,A10BB09
556,A10BB10
557,A10BB11
558,A10BB12
559,A10BB31
560,A10BC
561,A10BC01
562,A10BD
563,A10BD01
564,A10BD02
565,A10BD03
566,A10BD04
567,A10BD05
568,A10BD06
569,A10BD07
570,A10BD08
571,A10BD09
572,A10BD10
573,A10BD11
574,A10BD12
575,A10BD13
576,A10BD14
577,A10BD15
578,A10BD16
579,A10BD17
580,A10BD18
581,A10BD19
582,A10BD20
583,A10BD21
584,A10BD22
585,A10BD23
586,A10BD24
587,A10BD25
588,A10BD26
589,A10BD27
590,A10BF
591,A10BF01
592,A10BF02
593,A10BF03
594,A10BG
595,A10BG01
596,A10BG02
597,A10BG03
598,A10BG04
599,A10BH
600,A10BH01
601,A10BH02
602,A10BH03
603,A10BH04
604,A10BH05
605,A10BH06
606,A10BH07
607,A10BH08
608,A10BH51
609,A10BH52
610,A10BJ
611,A10BJ01
612,A10BJ02
613,A10BJ03
614,A10BJ04
615,A10BJ05
616,A10BJ06
617,A10BJ07
618,A10BK
619,A10BK01
620,A10BK02
621,A10BK03
622,A10BK04
623,A10BK05
624,A10BK06
625,A10BK07
626,A10BX
627,A10BX01
628,A10BX02
629,A10BX03
630,A10BX05
631,A10BX06
632,A10BX08
633,A10BX15
634,A10X
635,A10XA
636,A10XA01
637,A11
638,A11A
639,A11AA
640,A11AA01
641,A11AA02
642,A11AA03
643,A11AA04
644,A11AB
645,A11B
646,A11BA
647,A11C
648,A11CA
649,A11CA01
650,A11CA02
651,A11CB
652,A11CC
653,A11CC01
654,A11CC02
655,A11CC03
656,A11CC04
657,A11CC05
658,A11CC06
659,A11CC20
660,A11CC55
661,A11D
662,A11DA
663,A11DA01
664,A11DA02
665,A11DA03
666,A11DB
667,A11E
668,A11EA
669,A11EB
670,A11EC
671,A11ED
672,A11EX
673,A11G
674,A11GA
675,A11GA01
676,A11GB
677,A11GB01
678,A11H
679,A11HA
680,A11HA01
681,A11HA02
682,A11HA03
683,A11HA04
684,A11HA05
685,A11HA06
686,A11HA07
687,A11HA08
688,A11HA30
689,A11HA31
690,A11HA32
691,A11J
692,A11JA
693,A11JB
694,A11JC
695,A12
696,A12A
697,A12AA
698,A12AA01
699,A12AA02
700,A12AA03
701,A12AA04
702,A12AA05
703,A12AA06
704,A12AA07
705,A12AA08
706,A12AA09
707,A12AA10
708,A12AA11
709,A12AA13
710,A12AA20
711,A12AA30
712,A12AX
713,A12B
714,A12BA
715,A12BA01
716,A12BA02
717,A12BA03
718,A12BA04
719,A12BA05
720,A12BA30
721,A12BA51
722,A12C
723,A12CA
724,A12CA01
725,A12CA02
726,A12CB
727,A12CB01
728,A12CB02
729,A12CB03
730,A12CC
731,A12CC01
732,A12CC02
733,A12CC03
734,A12CC04
735,A12CC05
736,A12CC06
737,A12CC07
738,A12CC08
739,A12CC09
740,A12CC10
741,A12CC30
742,A12CD
743,A12CD01
744,A12CD02
745,A12CD51
746,A12CE
747,A12CE01
748,A12CE02
749,A12CX
750,A14
751,A14A
752,A14AA
753,A14AA01
754,A14AA02
755,A14AA03
756,A14AA04
757,A14AA05
758,A14AA06
759,A14AA07
760,A14AA08
761,A14AA09
762,A14AB
763,A14AB01
764,A14AB02
765,A14AB03
766,A16
767,A16A
768,A16AA
769,A16AA01
770,A16AA02
771,A16AA03
772,A16AA04
773,A16AA05
774,A16AA06
775,A16AA07
776,A16AB
777,A16AB01
778,A16AB02
779,A16AB03
780,A16AB04
781,A16AB05
782,A16AB06
783,A16AB07
784,A16AB08
785,A16AB09
786,A16AB10
787,A16AB11
788,A16AB12
789,A16AB13
790,A16AB14
791,A16AB15
792,A16AB16
793,A16AB17
794,A16AB18
795,A16AB19
796,A16AB20
797,A16AB21
798,A16AB22
799,A16AX
800,A16AX01
801,A16AX02
802,A16AX03
803,A16AX04
804,A16AX05
805,A16AX06
806,A16AX07
807,A16AX08
808,A16AX09
809,A16AX10
810,A16AX11
811,A16AX12
812,A16AX13
813,A16AX14
814,A16AX15
815,A16AX16
816,A16AX17
817,A16AX18
818,A16AX19
819,A16AX20
820,A16AX30
821,B
822,B01
823,B01A
824,B01AA
825,B01AA01
826,B01AA02
827,B01AA03
828,B01AA04
829,B01AA07
830,B01AA08
831,B01AA09
832,B01AA10
833,B01AA11
834,B01AA12
835,B01AB
836,B01AB01
837,B01AB02
838,B01AB04
839,B01AB05
840,B01AB06
841,B01AB07
842,B01AB08
843,B01AB09
844,B01AB10
845,B01AB11
846,B01AB12
847,B01AB51
848,B01AC
849,B01AC01
850,B01AC02
851,B01AC03
852,B01AC04
853,B01AC05
854,B01AC06
855,B01AC07
856,B01AC08
857,B01AC09
858,B01AC10
859,B01AC11
860,B01AC13
861,B01AC15
862,B01AC16
863,B01AC17
864,B01AC18
865,B01AC19
866,B01AC21
867,B01AC22
868,B01AC23
869,B01AC24
870,B01AC25
871,B01AC26
872,B01AC27
873,B01AC30
874,B01AC56
875,B01AD
876,B01AD01
877,B01AD02
878,B01AD03
879,B01AD04
880,B01AD05
881,B01AD06
882,B01AD07
883,B01AD08
884,B01AD09
885,B01AD10
886,B01AD11
887,B01AD12
888,B01AE
889,B01AE01
890,B01AE02
891,B01AE03
892,B01AE04
893,B01AE05
894,B01AE06
895,B01AE07
896,B01AF
897,B01AF01
898,B01AF02
899,B01AF03
900,B01AF04
901,B01AX
902,B01AX01
903,B01AX04
904,B01AX05
905,B01AX07
906,B02
907,B02A
908,B02AA
909,B02AA01
910,B02AA02
911,B02AA03
912,B02AB
913,B02AB01
914,B02AB02
915,B02AB04
916,B02AB05
917,B02B
918,B02BA
919,B02BA01
920,B02BA02
921,B02BB
922,B02BB01
923,B02BC
924,B02BC01
925,B02BC02
926,B02BC03
927,B02BC05
928,B02BC06
929,B02BC07
930,B02BC08
931,B02BC09
932,B02BC30
933,B02BD
934,B02BD01
935,B02BD02
936,B02BD03
937,B02BD04
938,B02BD05
939,B02BD06
940,B02BD07
941,B02BD08
942,B02BD10
943,B02BD11
944,B02BD13
945,B02BD14
946,B02BD30
947,B02BX
948,B02BX01
949,B02BX02
950,B02BX03
951,B02BX04
952,B02BX05
953,B02BX06
954,B02BX07
955,B02BX08
956,B02BX09
957,B03
958,B03A
959,B03AA
960,B03AA01
961,B03AA02
962,B03AA03
963,B03AA04
964,B03AA05
965,B03AA06
966,B03AA07
967,B03AA08
968,B03AA09
969,B03AA10
970,B03AA11
971,B03AA12
972,B03AB
973,B03AB01
974,B03AB02
975,B03AB03
976,B03AB04
977,B03AB05
978,B03AB07
979,B03AB08
980,B03AB09
981,B03AB10
982,B03AC
983,B03AD
984,B03AD01
985,B03AD02
986,B03AD03
987,B03AD04
988,B03AD05
989,B03AE
990,B03AE01
991,B03AE02
992,B03AE03
993,B03AE04
994,B03AE10
995,B03B
996,B03BA
997,B03BA01
998,B03BA02
999,B03BA03
1000,B03BA04
1001,B03BA05
1002,B03BA51
1003,B03BA53
1004,B03BB
1005,B03BB01
1006,B03BB51
1007,B03X
1008,B03XA
1009,B03XA01
1010,B03XA02
1011,B03XA03
1012,B03XA04
1013,B03XA05
1014,B03XA06
1015,B03XA07
1016,B03XA08
1017,B05
1018,B05A
1019,B05AA
1020,B05AA01
1021,B05AA02
1022,B05AA03
1023,B05AA05
1024,B05AA06
1025,B05AA07
1026,B05AA08
1027,B05AA09
1028,B05AA10
1029,B05AX
1030,B05AX01
1031,B05AX02
1032,B05AX03
1033,B05AX04
1034,B05B
1035,B05BA
1036,B05BA01
1037,B05BA02
1038,B05BA03
1039,B05BA04
1040,B05BA10
1041,B05BB
1042,B05BB01
1043,B05BB02
1044,B05BB03
1045,B05BB04
1046,B05BC
1047,B05BC01
1048,B05BC02
1049,B05C
1050,B05CA
1051,B05CA01
1052,B05CA02
1053,B05CA03
1054,B05CA04
1055,B05CA05
1056,B05CA06
1057,B05CA07
1058,B05CA08
1059,B05CA09
1060,B05CA10
1061,B05CB
1062,B05CB01
1063,B05CB02
1064,B05CB03
1065,B05CB04
1066,B05CB10
1067,B05CX
1068,B05CX01
1069,B05CX02
1070,B05CX03
1071,B05CX04
1072,B05CX10
1073,B05D
1074,B05DA
1075,B05DB
1076,B05X
1077,B05XA
1078,B05XA01
1079,B05XA02
1080,B05XA03
1081,B05XA04
1082,B05XA05
1083,B05XA06
1084,B05XA07
1085,B05XA08
1086,B05XA09
1087,B05XA10
1088,B05XA11
1089,B05XA12
1090,B05XA13
1091,B05XA14
1092,B05XA15
1093,B05XA16
1094,B05XA17
1095,B05XA18
1096,B05XA30
1097,B05XA31
1098,B05XB
1099,B05XB01
1100,B05XB02
1101,B05XB03
1102,B05XC
1103,B05XX
1104,B05XX02
1105,B05Z
1106,B05ZA
1107,B05ZB
1108,B06
1109,B06A
1110,B06AA
1111,B06AA02
1112,B06AA03
1113,B06AA04
1114,B06AA07
1115,B06AA10
1116,B06AA55
1117,B06AB
1118,B06AB01
1119,B06AC
1120,B06AC01
1121,B06AC02
1122,B06AC03
1123,B06AC04
1124,B06AC05
1125,B06AC06
1126,B06AX
1127,B06AX01
1128,B06AX02
1129,B06AX03
1130,C
1131,C01
1132,C01A
1133,C01AA
1134,C01AA01
1135,C01AA02
1136,C01AA03
1137,C01AA04
1138,C01AA05
1139,C01AA06
1140,C01AA07
1141,C01AA08
1142,C01AA09
1143,C01AA52
1144,C01AB
1145,C01AB01
1146,C01AB51
1147,C01AC
1148,C01AC01
1149,C01AC03
1150,C01AX
1151,C01AX02
1152,C01B
1153,C01BA
1154,C01BA01
1155,C01BA02
1156,C01BA03
1157,C01BA04
1158,C01BA05
1159,C01BA08
1160,C01BA12
1161,C01BA13
1162,C01BA51
1163,C01BA71
1164,C01BB
1165,C01BB01
1166,C01BB02
1167,C01BB03
1168,C01BB04
1169,C01BC
1170,C01BC03
1171,C01BC04
1172,C01BC07
1173,C01BC08
1174,C01BC09
1175,C01BD
1176,C01BD01
1177,C01BD02
1178,C01BD03
1179,C01BD04
1180,C01BD05
1181,C01BD06
1182,C01BD07
1183,C01BG
1184,C01BG01
1185,C01BG07
1186,C01BG11
1187,C01C
1188,C01CA
1189,C01CA01
1190,C01CA02
1191,C01CA03
1192,C01CA04
1193,C01CA05
1194,C01CA06
1195,C01CA07
1196,C01CA08
1197,C01CA09
1198,C01CA10
1199,C01CA11
1200,C01CA12
1201,C01CA13
1202,C01CA14
1203,C01CA15
1204,C01CA16
1205,C01CA17
1206,C01CA18
1207,C01CA19
1208,C01CA21
1209,C01CA22
1210,C01CA23
1211,C01CA24
1212,C01CA25
1213,C01CA26
1214,C01CA27
1215,C01CA30
1216,C01CA51
1217,C01CE
1218,C01CE01
1219,C01CE02
1220,C01CE03
1221,C01CE04
1222,C01CX
1223,C01CX06
1224,C01CX07
1225,C01CX08
1226,C01CX09
1227,C01D
1228,C01DA
1229,C01DA02
1230,C01DA04
1231,C01DA05
1232,C01DA07
1233,C01DA08
1234,C01DA09
1235,C01DA13
1236,C01DA14
1237,C01DA20
1238,C01DA38
1239,C01DA52
1240,C01DA54
1241,C01DA55
1242,C01DA57
1243,C01DA58
1244,C01DA59
1245,C01DA63
1246,C01DA70
1247,C01DB
1248,C01DB01
1249,C01DX
1250,C01DX01
1251,C01DX02
1252,C01DX03
1253,C01DX04
1254,C01DX05
1255,C01DX06
1256,C01DX07
1257,C01DX08
1258,C01DX09
1259,C01DX10
1260,C01DX11
1261,C01DX12
1262,C01DX13
1263,C01DX14
1264,C01DX15
1265,C01DX16
1266,C01DX18
1267,C01DX19
1268,C01DX21
1269,C01DX22
1270,C01DX51
1271,C01DX52
1272,C01DX53
1273,C01DX54
1274,C01E
1275,C01EA
1276,C01EA01
1277,C01EB
1278,C01EB02
1279,C01EB03
1280,C01EB04
1281,C01EB05
1282,C01EB06
1283,C01EB07
1284,C01EB09
1285,C01EB10
1286,C01EB11
1287,C01EB13
1288,C01EB15
1289,C01EB16
1290,C01EB17
1291,C01EB18
1292,C01EB21
1293,C01EB22
1294,C01EB23
1295,C01EX
1296,C02
1297,C02A
1298,C02AA
1299,C02AA01
1300,C02AA02
1301,C02AA03
1302,C02AA04
1303,C02AA05
1304,C02AA06
1305,C02AA07
1306,C02AA52
1307,C02AA53
1308,C02AA57
1309,C02AB
1310,C02AB01
1311,C02AB02
1312,C02AC
1313,C02AC01
1314,C02AC02
1315,C02AC04
1316,C02AC05
1317,C02AC06
1318,C02B
1319,C02BA
1320,C02BA01
1321,C02BB
1322,C02BB01
1323,C02BC
1324,C02C
1325,C02CA
1326,C02CA01
1327,C02CA02
1328,C02CA03
1329,C02CA04
1330,C02CA06
1331,C02CC
1332,C02CC01
1333,C02CC02
1334,C02CC03
1335,C02CC04
1336,C02CC05
1337,C02CC06
1338,C02CC07
1339,C02D
1340,C02DA
1341,C02DA01
1342,C02DB
1343,C02DB01
1344,C02DB02
1345,C02DB03
1346,C02DB04
1347,C02DC
1348,C02DC01
1349,C02DD
1350,C02DD01
1351,C02DG
1352,C02DG01
1353,C02K
1354,C02KA
1355,C02KA01
1356,C02KB
1357,C02KB01
1358,C02KC
1359,C02KC01
1360,C02KD
1361,C02KD01
1362,C02KX
1363,C02KX01
1364,C02KX02
1365,C02KX03
1366,C02KX04
1367,C02KX05
1368,C02KX52
1369,C02L
1370,C02LA
1371,C02LA01
1372,C02LA02
1373,C02LA03
1374,C02LA04
1375,C02LA07
1376,C02LA08
1377,C02LA09
1378,C02LA50
1379,C02LA51
1380,C02LA52
1381,C02LA71
1382,C02LB
1383,C02LB01
1384,C02LC
1385,C02LC01
1386,C02LC05
1387,C02LC51
1388,C02LE
1389,C02LE01
1390,C02LF
1391,C02LF01
1392,C02LG
1393,C02LG01
1394,C02LG02
1395,C02LG03
1396,C02LG51
1397,C02LG73
1398,C02LK
1399,C02LK01
1400,C02LL
1401,C02LL01
1402,C02LN
1403,C02LX
1404,C02LX01
1405,C03
1406,C03A
1407,C03AA
1408,C03AA01
1409,C03AA02
1410,C03AA03
1411,C03AA04
1412,C03AA05
1413,C03AA06
1414,C03AA07
1415,C03AA08
1416,C03AA09
1417,C03AA13
1418,C03AB
1419,C03AB01
1420,C03AB02
1421,C03AB03
1422,C03AB04
1423,C03AB05
1424,C03AB06
1425,C03AB07
1426,C03AB08
1427,C03AB09
1428,C03AH
1429,C03AH01
1430,C03AH02
1431,C03AX
1432,C03AX01
1433,C03B
1434,C03BA
1435,C03BA02
1436,C03BA03
1437,C03BA04
1438,C03BA05
1439,C03BA07
1440,C03BA08
1441,C03BA09
1442,C03BA10
1443,C03BA11
1444,C03BA12
1445,C03BA13
1446,C03BA82
1447,C03BB
1448,C03BB02
1449,C03BB03
1450,C03BB04
1451,C03BB05
1452,C03BB07
1453,C03BC
1454,C03BC01
1455,C03BD
1456,C03BD01
1457,C03BK
1458,C03BX
1459,C03BX03
1460,C03C
1461,C03CA
1462,C03CA01
1463,C03CA02
1464,C03CA03
1465,C03CA04
1466,C03CB
1467,C03CB01
1468,C03CB02
1469,C03CC
1470,C03CC01
1471,C03CC02
1472,C03CD
1473,C03CD01
1474,C03CX
1475,C03CX01
1476,C03D
1477,C03DA
1478,C03DA01
1479,C03DA02
1480,C03DA03
1481,C03DA04
1482,C03DA05
1483,C03DB
1484,C03DB01
1485,C03DB02
1486,C03E
1487,C03EA
1488,C03EA01
1489,C03EA02
1490,C03EA03
1491,C03EA04
1492,C03EA05
1493,C03EA06
1494,C03EA07
1495,C03EA12
1496,C03EA13
1497,C03EA14
1498,C03EB
1499,C03EB01
1500,C03EB02
1501,C03X
1502,C03XA
1503,C03XA01
1504,C03XA02
1505,C04
1506,C04A
1507,C04AA
1508,C04AA01
1509,C04AA02
1510,C04AA31
1511,C04AB
1512,C04AB01
1513,C04AB02
1514,C04AC
1515,C04AC01
1516,C04AC02
1517,C04AC03
1518,C04AC07
1519,C04AD
1520,C04AD01
1521,C04AD02
1522,C04AD03
1523,C04AD04
1524,C04AE
1525,C04AE01
1526,C04AE02
1527,C04AE04
1528,C04AE51
1529,C04AE54
1530,C04AF
1531,C04AF01
1532,C04AX
1533,C04AX01
1534,C04AX02
1535,C04AX07
1536,C04AX10
1537,C04AX11
1538,C04AX17
1539,C04AX19
1540,C04AX20
1541,C04AX21
1542,C04AX23
1543,C04AX24
1544,C04AX26
1545,C04AX27
1546,C04AX28
1547,C04AX30
1548,C04AX32
1549,C05
1550,C05A
1551,C05AA
1552,C05AA01
1553,C05AA04
1554,C05AA05
1555,C05AA06
1556,C05AA08
1557,C05AA09
1558,C05AA10
1559,C05AA11
1560,C05AA12
1561,C05AB
1562,C05AD
1563,C05AD01
1564,C05AD02
1565,C05AD03
1566,C05AD04
1567,C05AD05
1568,C05AD06
1569,C05AD07
1570,C05AE
1571,C05AE01
1572,C05AE02
1573,C05AE03
1574,C05AX
1575,C05AX01
1576,C05AX02
1577,C05AX03
1578,C05AX04
1579,C05AX05
1580,C05B
1581,C05BA
1582,C05BA01
1583,C05BA02
1584,C05BA03
1585,C05BA04
1586,C05BA51
1587,C05BA53
1588,C05BB
1589,C05BB01
1590,C05BB02
1591,C05BB03
1592,C05BB04
1593,C05BB05
1594,C05BB56
1595,C05BX
1596,C05BX01
1597,C05BX51
1598,C05C
1599,C05CA
1600,C05CA01
1601,C05CA02
1602,C05CA03
1603,C05CA04
1604,C05CA05
1605,C05CA51
1606,C05CA53
1607,C05CA54
1608,C05CX
1609,C05CX01
1610,C05CX02
1611,C05CX03
1612,C07
1613,C07A
1614,C07AA
1615,C07AA01
1616,C07AA02
1617,C07AA03
1618,C07AA05
1619,C07AA06
1620,C07AA07
1621,C07AA12
1622,C07AA14
1623,C07AA15
1624,C07AA16
1625,C07AA17
1626,C07AA19
1627,C07AA23
1628,C07AA27
1629,C07AB
1630,C07AB01
1631,C07AB02
1632,C07AB03
1633,C07AB04
1634,C07AB05
1635,C07AB06
1636,C07AB07
1637,C07AB08
1638,C07AB09
1639,C07AB10
1640,C07AB11
1641,C07AB12
1642,C07AB13
1643,C07AB14
1644,C07AG
1645,C07AG01
1646,C07AG02
1647,C07B
1648,C07BA
1649,C07BA02
1650,C07BA05
1651,C07BA06
1652,C07BA07
1653,C07BA12
1654,C07BA68
1655,C07BB
1656,C07BB02
1657,C07BB03
1658,C07BB04
1659,C07BB06
1660,C07BB07
1661,C07BB12
1662,C07BB52
1663,C07BG
1664,C07BG01
1665,C07C
1666,C07CA
1667,C07CA02
1668,C07CA03
1669,C07CA17
1670,C07CA23
1671,C07CB
1672,C07CB02
1673,C07CB03
1674,C07CB53
1675,C07CG
1676,C07CG01
1677,C07D
1678,C07DA
1679,C07DA06
1680,C07DB
1681,C07DB01
1682,C07E
1683,C07EA
1684,C07EB
1685,C07F
1686,C07FB
1687,C07FB02
1688,C07FB03
1689,C07FB07
1690,C07FB12
1691,C07FB13
1692,C07FX
1693,C07FX01
1694,C07FX02
1695,C07FX03
1696,C07FX04
1697,C07FX05
1698,C07FX06
1699,C08
1700,C08C
1701,C08CA
1702,C08CA01
1703,C08CA02
1704,C08CA03
1705,C08CA04
1706,C08CA05
1707,C08CA06
1708,C08CA07
1709,C08CA08
1710,C08CA09
1711,C08CA10
1712,C08CA11
1713,C08CA12
1714,C08CA13
1715,C08CA14
1716,C08CA15
1717,C08CA16
1718,C08CA17
1719,C08CA51
1720,C08CA55
1721,C08CX
1722,C08CX01
1723,C08D
1724,C08DA
1725,C08DA01
1726,C08DA02
1727,C08DA51
1728,C08DB
1729,C08DB01
1730,C08E
1731,C08EA
1732,C08EA01
1733,C08EA02
1734,C08EX
1735,C08EX01
1736,C08EX02
1737,C08G
1738,C08GA
1739,C08GA01
1740,C08GA02
1741,C09
1742,C09A
1743,C09AA
1744,C09AA01
1745,C09AA02
1746,C09AA03
1747,C09AA04
1748,C09AA05
1749,C09AA06
1750,C09AA07
1751,C09AA08
1752,C09AA09
1753,C09AA10
1754,C09AA11
1755,C09AA12
1756,C09AA13
1757,C09AA14
1758,C09AA15
1759,C09AA16
1760,C09B
1761,C09BA
1762,C09BA01
1763,C09BA02
1764,C09BA03
1765,C09BA04
1766,C09BA05
1767,C09BA06
1768,C09BA07
1769,C09BA08
1770,C09BA09
1771,C09BA12
1772,C09BA13
1773,C09BA15
1774,C09BB
1775,C09BB02
1776,C09BB03
1777,C09BB04
1778,C09BB05
1779,C09BB06
1780,C09BB07
1781,C09BB10
1782,C09BB12
1783,C09BX
1784,C09BX01
1785,C09BX02
1786,C09BX03
1787,C09BX04
1788,C09BX05
1789,C09C
1790,C09CA
1791,C09CA01
1792,C09CA02
1793,C09CA03
1794,C09CA04
1795,C09CA05
1796,C09CA06
1797,C09CA07
1798,C09CA08
1799,C09CA09
1800,C09CA10
1801,C09D
1802,C09DA
1803,C09DA01
1804,C09DA02
1805,C09DA03
1806,C09DA04
1807,C09DA06
1808,C09DA07
1809,C09DA08
1810,C09DA09
1811,C09DA10
1812,C09DB
1813,C09DB01
1814,C09DB02
1815,C09DB04
1816,C09DB05
1817,C09DB06
1818,C09DB07
1819,C09DB08
1820,C09DB09
1821,C09DX
1822,C09DX01
1823,C09DX02
1824,C09DX03
1825,C09DX04
1826,C09DX05
1827,C09DX06
1828,C09DX07
1829,C09X
1830,C09XA
1831,C09XA01
1832,C09XA02
1833,C09XA52
1834,C09XA53
1835,C09XA54
1836,C10
1837,C10A
1838,C10AA
1839,C10AA01
1840,C10AA02
1841,C10AA03
1842,C10AA04
1843,C10AA05
1844,C10AA06
1845,C10AA07
1846,C10AA08
1847,C10AB
1848,C10AB01
1849,C10AB02
1850,C10AB03
1851,C10AB04
1852,C10AB05
1853,C10AB06
1854,C10AB07
1855,C10AB08
1856,C10AB09
1857,C10AB10
1858,C10AB11
1859,C10AC
1860,C10AC01
1861,C10AC02
1862,C10AC03
1863,C10AC04
1864,C10AD
1865,C10AD01
1866,C10AD02
1867,C10AD03
1868,C10AD04
1869,C10AD05
1870,C10AD06
1871,C10AD52
1872,C10AX
1873,C10AX01
1874,C10AX02
1875,C10AX03
1876,C10AX05
1877,C10AX06
1878,C10AX07
1879,C10AX08
1880,C10AX09
1881,C10AX10
1882,C10AX11
1883,C10AX12
1884,C10AX13
1885,C10AX14
1886,C10AX15
1887,C10AX16
1888,C10AX17
1889,C10AX18
1890,C10B
1891,C10BA
1892,C10BA01
1893,C10BA02
1894,C10BA03
1895,C10BA04
1896,C10BA05
1897,C10BA06
1898,C10BA07
1899,C10BA08
1900,C10BA09
1901,C10BA10
1902,C10BA11
1903,C10BA12
1904,C10BX
1905,C10BX01
1906,C10BX02
1907,C10BX03
1908,C10BX04
1909,C10BX05
1910,C10BX06
1911,C10BX07
1912,C10BX08
1913,C10BX09
1914,C10BX10
1915,C10BX11
1916,C10BX12
1917,C10BX13
1918,C10BX14
1919,C10BX15
1920,C10BX16
1921,C10BX17
1922,C10BX18
1923,D
1924,D01
1925,D01A
1926,D01AA
1927,D01AA01
1928,D01AA02
1929,D01AA03
1930,D01AA04
1931,D01AA06
1932,D01AA07
1933,D01AA08
1934,D01AA20
1935,D01AC
1936,D01AC01
1937,D01AC02
1938,D01AC03
1939,D01AC04
1940,D01AC05
1941,D01AC06
1942,D01AC07
1943,D01AC08
1944,D01AC09
1945,D01AC10
1946,D01AC11
1947,D01AC12
1948,D01AC13
1949,D01AC14
1950,D01AC15
1951,D01AC16
1952,D01AC17
1953,D01AC18
1954,D01AC19
1955,D01AC20
1956,D01AC52
1957,D01AC60
1958,D01AE
1959,D01AE01
1960,D01AE02
1961,D01AE03
1962,D01AE04
1963,D01AE05
1964,D01AE06
1965,D01AE07
1966,D01AE08
1967,D01AE09
1968,D01AE10
1969,D01AE11
1970,D01AE12
1971,D01AE13
1972,D01AE14
1973,D01AE15
1974,D01AE16
1975,D01AE17
1976,D01AE18
1977,D01AE19
1978,D01AE20
1979,D01AE21
1980,D01AE22
1981,D01AE23
1982,D01AE24
1983,D01AE54
1984,D01B
1985,D01BA
1986,D01BA01
1987,D01BA02
1988,D01BA03
1989,D02
1990,D02A
1991,D02AA
1992,D02AB
1993,D02AC
1994,D02AD
1995,D02AE
1996,D02AE01
1997,D02AE51
1998,D02AF
1999,D02AX
2000,D02B
2001,D02BA
2002,D02BA01
2003,D02BA02
2004,D02BB
2005,D02BB01
2006,D02BB02
2007,D03
2008,D03A
2009,D03AA
2010,D03AX
2011,D03AX01
2012,D03AX02
2013,D03AX03
2014,D03AX04
2015,D03AX05
2016,D03AX06
2017,D03AX09
2018,D03AX10
2019,D03AX11
2020,D03AX12
2021,D03AX13
2022,D03AX14
2023,D03AX15
2024,D03B
2025,D03BA
2026,D03BA01
2027,D03BA02
2028,D03BA03
2029,D03BA52
2030,D04
2031,D04A
2032,D04AA
2033,D04AA01
2034,D04AA02
2035,D04AA03
2036,D04AA04
2037,D04AA09
2038,D04AA10
2039,D04AA12
2040,D04AA13
2041,D04AA14
2042,D04AA15
2043,D04AA16
2044,D04AA22
2045,D04AA32
2046,D04AA33
2047,D04AA34
2048,D04AB
2049,D04AB01
2050,D04AB02
2051,D04AB03
2052,D04AB04
2053,D04AB05
2054,D04AB06
2055,D04AB07
2056,D04AX
2057,D04AX01
2058,D05
2059,D05A
2060,D05AA
2061,D05AC
2062,D05AC01
2063,D05AC51
2064,D05AD
2065,D05AD01
2066,D05AD02
2067,D05AX
2068,D05AX01
2069,D05AX02
2070,D05AX03
2071,D05AX04
2072,D05AX05
2073,D05AX52
2074,D05AX55
2075,D05B
2076,D05BA
2077,D05BA01
2078,D05BA02
2079,D05BA03
2080,D05BB
2081,D05BB01
2082,D05BB02
2083,D05BX
2084,D05BX51
2085,D06
2086,D06A
2087,D06AA
2088,D06AA01
2089,D06AA02
2090,D06AA03
2091,D06AA04
2092,D06AX
2093,D06AX01
2094,D06AX02
2095,D06AX04
2096,D06AX05
2097,D06AX07
2098,D06AX08
2099,D06AX09
2100,D06AX10
2101,D06AX11
2102,D06AX12
2103,D06AX13
2104,D06AX14
2105,D06AX15
2106,D06B
2107,D06BA
2108,D06BA01
2109,D06BA02
2110,D06BA03
2111,D06BA04
2112,D06BA05
2113,D06BA06
2114,D06BA51
2115,D06BB
2116,D06BB01
2117,D06BB02
2118,D06BB03
2119,D06BB04
2120,D06BB05
2121,D06BB06
2122,D06BB07
2123,D06BB08
2124,D06BB09
2125,D06BB10
2126,D06BB11
2127,D06BB12
2128,D06BB53
2129,D06BX
2130,D06BX01
2131,D06BX02
2132,D06BX03
2133,D07
2134,D07A
2135,D07AA
2136,D07AA01
2137,D07AA02
2138,D07AA03
2139,D07AB
2140,D07AB01
2141,D07AB02
2142,D07AB03
2143,D07AB04
2144,D07AB05
2145,D07AB06
2146,D07AB07
2147,D07AB08
2148,D07AB09
2149,D07AB10
2150,D07AB11
2151,D07AB19
2152,D07AB21
2153,D07AB30
2154,D07AC
2155,D07AC01
2156,D07AC02
2157,D07AC03
2158,D07AC04
2159,D07AC05
2160,D07AC06
2161,D07AC07
2162,D07AC08
2163,D07AC09
2164,D07AC10
2165,D07AC11
2166,D07AC12
2167,D07AC13
2168,D07AC14
2169,D07AC15
2170,D07AC16
2171,D07AC17
2172,D07AC18
2173,D07AC19
2174,D07AC21
2175,D07AD
2176,D07AD01
2177,D07AD02
2178,D07B
2179,D07BA
2180,D07BA01
2181,D07BA04
2182,D07BB
2183,D07BB01
2184,D07BB02
2185,D07BB03
2186,D07BB04
2187,D07BC
2188,D07BC01
2189,D07BC02
2190,D07BC03
2191,D07BC04
2192,D07BD
2193,D07C
2194,D07CA
2195,D07CA01
2196,D07CA02
2197,D07CA03
2198,D07CB
2199,D07CB01
2200,D07CB02
2201,D07CB03
2202,D07CB04
2203,D07CB05
2204,D07CC
2205,D07CC01
2206,D07CC02
2207,D07CC03
2208,D07CC04
2209,D07CC05
2210,D07CC06
2211,D07CD
2212,D07CD01
2213,D07X
2214,D07XA
2215,D07XA01
2216,D07XA02
2217,D07XB
2218,D07XB01
2219,D07XB02
2220,D07XB03
2221,D07XB04
2222,D07XB05
2223,D07XB30
2224,D07XC
2225,D07XC01
2226,D07XC02
2227,D07XC03
2228,D07XC04
2229,D07XC05
2230,D07XD
2231,D08
2232,D08A
2233,D08AA
2234,D08AA01
2235,D08AA02
2236,D08AA03
2237,D08AB
2238,D08AC
2239,D08AC01
2240,D08AC02
2241,D08AC03
2242,D08AC04
2243,D08AC05
2244,D08AC52
2245,D08AD
2246,D08AE
2247,D08AE01
2248,D08AE02
2249,D08AE03
2250,D08AE04
2251,D08AE05
2252,D08AE06
2253,D08AF
2254,D08AF01
2255,D08AG
2256,D08AG01
2257,D08AG02
2258,D08AG03
2259,D08AG04
2260,D08AH
2261,D08AH01
2262,D08AH02
2263,D08AH03
2264,D08AH30
2265,D08AJ
2266,D08AJ01
2267,D08AJ02
2268,D08AJ03
2269,D08AJ04
2270,D08AJ05
2271,D08AJ06
2272,D08AJ08
2273,D08AJ10
2274,D08AJ57
2275,D08AJ58
2276,D08AJ59
2277,D08AK
2278,D08AK01
2279,D08AK02
2280,D08AK03
2281,D08AK04
2282,D08AK05
2283,D08AK06
2284,D08AK30
2285,D08AL
2286,D08AL01
2287,D08AL30
2288,D08AX
2289,D08AX01
2290,D08AX02
2291,D08AX03
2292,D08AX04
2293,D08AX05
2294,D08AX06
2295,D08AX07
2296,D08AX08
2297,D08AX53
2298,D09
2299,D09A
2300,D09AA
2301,D09AA01
2302,D09AA02
2303,D09AA03
2304,D09AA04
2305,D09AA05
2306,D09AA06
2307,D09AA07
2308,D09AA08
2309,D09AA09
2310,D09AA10
2311,D09AA11
2312,D09AA12
2313,D09AA13
2314,D09AB
2315,D09AB01
2316,D09AB02
2317,D09AX
2318,D10
2319,D10A
2320,D10AA
2321,D10AA01
2322,D10AA02
2323,D10AA03
2324,D10AB
2325,D10AB01
2326,D10AB02
2327,D10AB03
2328,D10AB05
2329,D10AD
2330,D10AD01
2331,D10AD02
2332,D10AD03
2333,D10AD04
2334,D10AD05
2335,D10AD06
2336,D10AD51
2337,D10AD53
2338,D10AD54
2339,D10AE
2340,D10AE01
2341,D10AE51
2342,D10AF
2343,D10AF01
2344,D10AF02
2345,D10AF03
2346,D10AF04
2347,D10AF05
2348,D10AF06
2349,D10AF07
2350,D10AF51
2351,D10AF52
2352,D10AX
2353,D10AX01
2354,D10AX02
2355,D10AX03
2356,D10AX04
2357,D10AX05
2358,D10AX06
2359,D10AX30
2360,D10B
2361,D10BA
2362,D10BA01
2363,D10BX
2364,D10BX01
2365,D11
2366,D11A
2367,D11AA
2368,D11AA01
2369,D11AC
2370,D11AC01
2371,D11AC02
2372,D11AC03
2373,D11AC06
2374,D11AC08
2375,D11AC09
2376,D11AC30
2377,D11AE
2378,D11AE01
2379,D11AF
2380,D11AH
2381,D11AH01
2382,D11AH02
2383,D11AH03
2384,D11AH04
2385,D11AH05
2386,D11AH06
2387,D11AH07
2388,D11AH08
2389,D11AX
2390,D11AX01
2391,D11AX02
2392,D11AX03
2393,D11AX04
2394,D11AX05
2395,D11AX06
2396,D11AX08
2397,D11AX09
2398,D11AX10
2399,D11AX11
2400,D11AX12
2401,D11AX13
2402,D11AX16
2403,D11AX18
2404,D11AX21
2405,D11AX22
2406,D11AX23
2407,D11AX24
2408,D11AX25
2409,D11AX26
2410,D11AX27
2411,D11AX52
2412,D11AX57
2413,G
2414,G01
2415,G01A
2416,G01AA
2417,G01AA01
2418,G01AA02
2419,G01AA03
2420,G01AA04
2421,G01AA05
2422,G01AA06
2423,G01AA07
2424,G01AA08
2425,G01AA09
2426,G01AA10
2427,G01AA11
2428,G01AA51
2429,G01AB
2430,G01AB01
2431,G01AC
2432,G01AC01
2433,G01AC02
2434,G01AC03
2435,G01AC05
2436,G01AC06
2437,G01AC30
2438,G01AD
2439,G01AD01
2440,G01AD02
2441,G01AD03
2442,G01AE
2443,G01AE01
2444,G01AE10
2445,G01AF
2446,G01AF01
2447,G01AF02
2448,G01AF04
2449,G01AF05
2450,G01AF06
2451,G01AF07
2452,G01AF08
2453,G01AF11
2454,G01AF12
2455,G01AF13
2456,G01AF14
2457,G01AF15
2458,G01AF16
2459,G01AF17
2460,G01AF18
2461,G01AF19
2462,G01AF20
2463,G01AF55
2464,G01AG
2465,G01AG02
2466,G01AX
2467,G01AX01
2468,G01AX02
2469,G01AX03
2470,G01AX05
2471,G01AX06
2472,G01AX09
2473,G01AX11
2474,G01AX12
2475,G01AX13
2476,G01AX14
2477,G01AX15
2478,G01AX16
2479,G01AX17
2480,G01AX66
2481,G01B
2482,G01BA
2483,G01BC
2484,G01BD
2485,G01BE
2486,G01BF
2487,G02
2488,G02A
2489,G02AB
2490,G02AB01
2491,G02AB02
2492,G02AB03
2493,G02AC
2494,G02AC01
2495,G02AD
2496,G02AD01
2497,G02AD02
2498,G02AD03
2499,G02AD04
2500,G02AD05
2501,G02AD06
2502,G02AX
2503,G02B
2504,G02BA
2505,G02BA01
2506,G02BA02
2507,G02BA03
2508,G02BB
2509,G02BB01
2510,G02BB02
2511,G02C
2512,G02CA
2513,G02CA01
2514,G02CA02
2515,G02CA03
2516,G02CB
2517,G02CB01
2518,G02CB02
2519,G02CB03
2520,G02CB04
2521,G02CB05
2522,G02CB06
2523,G02CC
2524,G02CC01
2525,G02CC02
2526,G02CC03
2527,G02CC04
2528,G02CX
2529,G02CX01
2530,G02CX02
2531,G02CX03
2532,G02CX04
2533,G02CX05
2534,G03
2535,G03A
2536,G03AA
2537,G03AA01
2538,G03AA02
2539,G03AA03
2540,G03AA04
2541,G03AA05
2542,G03AA06
2543,G03AA07
2544,G03AA08
2545,G03AA09
2546,G03AA10
2547,G03AA11
2548,G03AA12
2549,G03AA13
2550,G03AA14
2551,G03AA15
2552,G03AA16
2553,G03AA17
2554,G03AA18
2555,G03AB
2556,G03AB01
2557,G03AB02
2558,G03AB03
2559,G03AB04
2560,G03AB05
2561,G03AB06
2562,G03AB07
2563,G03AB08
2564,G03AB09
2565,G03AC
2566,G03AC01
2567,G03AC02
2568,G03AC03
2569,G03AC04
2570,G03AC05
2571,G03AC06
2572,G03AC07
2573,G03AC08
2574,G03AC09
2575,G03AC10
2576,G03AD
2577,G03AD01
2578,G03AD02
2579,G03B
2580,G03BA
2581,G03BA01
2582,G03BA02
2583,G03BA03
2584,G03BB
2585,G03BB01
2586,G03BB02
2587,G03C
2588,G03CA
2589,G03CA01
2590,G03CA03
2591,G03CA04
2592,G03CA06
2593,G03CA07
2594,G03CA09
2595,G03CA53
2596,G03CA57
2597,G03CB
2598,G03CB01
2599,G03CB02
2600,G03CB03
2601,G03CB04
2602,G03CC
2603,G03CC02
2604,G03CC03
2605,G03CC04
2606,G03CC05
2607,G03CC06
2608,G03CC07
2609,G03CX
2610,G03CX01
2611,G03D
2612,G03DA
2613,G03DA01
2614,G03DA02
2615,G03DA03
2616,G03DA04
2617,G03DB
2618,G03DB01
2619,G03DB02
2620,G03DB03
2621,G03DB04
2622,G03DB05
2623,G03DB06
2624,G03DB07
2625,G03DB08
2626,G03DC
2627,G03DC01
2628,G03DC02
2629,G03DC03
2630,G03DC04
2631,G03DC06
2632,G03DC31
2633,G03E
2634,G03EA
2635,G03EA01
2636,G03EA02
2637,G03EA03
2638,G03EB
2639,G03EK
2640,G03EK01
2641,G03F
2642,G03FA
2643,G03FA01
2644,G03FA02
2645,G03FA03
2646,G03FA04
2647,G03FA05
2648,G03FA06
2649,G03FA07
2650,G03FA08
2651,G03FA09
2652,G03FA10
2653,G03FA11
2654,G03FA12
2655,G03FA13
2656,G03FA14
2657,G03FA15
2658,G03FA16
2659,G03FA17
2660,G03FB
2661,G03FB01
2662,G03FB02
2663,G03FB03
2664,G03FB04
2665,G03FB05
2666,G03FB06
2667,G03FB07
2668,G03FB08
2669,G03FB09
2670,G03FB10
2671,G03FB11
2672,G03FB12
2673,G03G
2674,G03GA
2675,G03GA01
2676,G03GA02
2677,G03GA03
2678,G03GA04
2679,G03GA05
2680,G03GA06
2681,G03GA07
2682,G03GA08
2683,G03GA09
2684,G03GA10
2685,G03GA30
2686,G03GB
2687,G03GB01
2688,G03GB02
2689,G03GB03
2690,G03H
2691,G03HA
2692,G03HA01
2693,G03HB
2694,G03HB01
2695,G03X
2696,G03XA
2697,G03XA01
2698,G03XA02
2699,G03XB
2700,G03XB01
2701,G03XB02
2702,G03XB51
2703,G03XC
2704,G03XC01
2705,G03XC02
2706,G03XC03
2707,G03XC04
2708,G03XC05
2709,G03XX
2710,G03XX01
2711,G04
2712,G04B
2713,G04BA
2714,G04BA01
2715,G04BA03
2716,G04BC
2717,G04BD
2718,G04BD01
2719,G04BD02
2720,G04BD03
2721,G04BD04
2722,G04BD05
2723,G04BD06
2724,G04BD07
2725,G04BD08
2726,G04BD09
2727,G04BD10
2728,G04BD11
2729,G04BD12
2730,G04BD13
2731,G04BE
2732,G04BE01
2733,G04BE02
2734,G04BE03
2735,G04BE04
2736,G04BE06
2737,G04BE07
2738,G04BE08
2739,G04BE09
2740,G04BE10
2741,G04BE11
2742,G04BE30
2743,G04BE52
2744,G04BX
2745,G04BX01
2746,G04BX03
2747,G04BX06
2748,G04BX10
2749,G04BX11
2750,G04BX12
2751,G04BX13
2752,G04BX14
2753,G04BX15
2754,G04BX16
2755,G04C
2756,G04CA
2757,G04CA01
2758,G04CA02
2759,G04CA03
2760,G04CA04
2761,G04CA51
2762,G04CA52
2763,G04CA53
2764,G04CA54
2765,G04CB
2766,G04CB01
2767,G04CB02
2768,G04CX
2769,G04CX01
2770,G04CX02
2771,G04CX03
2772,G04CX04
2773,H
2774,H01
2775,H01A
2776,H01AA
2777,H01AA01
2778,H01AA02
2779,H01AB
2780,H01AB01
2781,H01AC
2782,H01AC01
2783,H01AC02
2784,H01AC03
2785,H01AC04
2786,H01AC05
2787,H01AC06
2788,H01AC07
2789,H01AC08
2790,H01AX
2791,H01AX01
2792,H01B
2793,H01BA
2794,H01BA01
2795,H01BA02
2796,H01BA03
2797,H01BA04
2798,H01BA05
2799,H01BB
2800,H01BB01
2801,H01BB02
2802,H01BB03
2803,H01C
2804,H01CA
2805,H01CA01
2806,H01CA02
2807,H01CB
2808,H01CB01
2809,H01CB02
2810,H01CB03
2811,H01CB04
2812,H01CB05
2813,H01CC
2814,H01CC01
2815,H01CC02
2816,H01CC03
2817,H01CC04
2818,H01CC54
2819,H02
2820,H02A
2821,H02AA
2822,H02AA01
2823,H02AA02
2824,H02AA03
2825,H02AB
2826,H02AB01
2827,H02AB02
2828,H02AB03
2829,H02AB04
2830,H02AB05
2831,H02AB06
2832,H02AB07
2833,H02AB08
2834,H02AB09
2835,H02AB10
2836,H02AB11
2837,H02AB12
2838,H02AB13
2839,H02AB14
2840,H02AB15
2841,H02AB17
2842,H02B
2843,H02BX
2844,H02BX01
2845,H02C
2846,H02CA
2847,H02CA01
2848,H02CA02
2849,H02CA03
2850,H03
2851,H03A
2852,H03AA
2853,H03AA01
2854,H03AA02
2855,H03AA03
2856,H03AA04
2857,H03AA05
2858,H03B
2859,H03BA
2860,H03BA01
2861,H03BA02
2862,H03BA03
2863,H03BB
2864,H03BB01
2865,H03BB02
2866,H03BB52
2867,H03BC
2868,H03BC01
2869,H03BX
2870,H03BX01
2871,H03BX02
2872,H03C
2873,H03CA
2874,H04
2875,H04A
2876,H04AA
2877,H04AA01
2878,H05
2879,H05A
2880,H05AA
2881,H05AA01
2882,H05AA02
2883,H05AA03
2884,H05AA04
2885,H05B
2886,H05BA
2887,H05BA01
2888,H05BA02
2889,H05BA03
2890,H05BA04
2891,H05BX
2892,H05BX01
2893,H05BX02
2894,H05BX03
2895,H05BX04
2896,H05BX05
2897,J
2898,J01
2899,J01A
2900,J01AA
2901,J01AA01
2902,J01AA02
2903,J01AA03
2904,J01AA04
2905,J01AA05
2906,J01AA06
2907,J01AA07
2908,J01AA08
2909,J01AA09
2910,J01AA10
2911,J01AA11
2912,J01AA12
2913,J01AA13
2914,J01AA14
2915,J01AA15
2916,J01AA20
2917,J01AA56
2918,J01B
2919,J01BA
2920,J01BA01
2921,J01BA02
2922,J01BA52
2923,J01C
2924,J01CA
2925,J01CA01
2926,J01CA02
2927,J01CA03
2928,J01CA04
2929,J01CA05
2930,J01CA06
2931,J01CA07
2932,J01CA08
2933,J01CA09
2934,J01CA10
2935,J01CA11
2936,J01CA12
2937,J01CA13
2938,J01CA14
2939,J01CA15
2940,J01CA16
2941,J01CA17
2942,J01CA18
2943,J01CA19
2944,J01CA20
2945,J01CA51
2946,J01CE
2947,J01CE01
2948,J01CE02
2949,J01CE03
2950,J01CE04
2951,J01CE05
2952,J01CE06
2953,J01CE07
2954,J01CE08
2955,J01CE09
2956,J01CE10
2957,J01CE30
2958,J01CF
2959,J01CF01
2960,J01CF02
2961,J01CF03
2962,J01CF04
2963,J01CF05
2964,J01CF06
2965,J01CG
2966,J01CG01
2967,J01CG02
2968,J01CR
2969,J01CR01
2970,J01CR02
2971,J01CR03
2972,J01CR04
2973,J01CR05
2974,J01CR50
2975,J01D
2976,J01DB
2977,J01DB01
2978,J01DB02
2979,J01DB03
2980,J01DB04
2981,J01DB05
2982,J01DB06
2983,J01DB07
2984,J01DB08
2985,J01DB09
2986,J01DB10
2987,J01DB11
2988,J01DB12
2989,J01DC
2990,J01DC01
2991,J01DC02
2992,J01DC03
2993,J01DC04
2994,J01DC05
2995,J01DC06
2996,J01DC07
2997,J01DC08
2998,J01DC09
2999,J01DC10
3000,J01DC11
3001,J01DC12
3002,J01DC13
3003,J01DC14
3004,J01DD
3005,J01DD01
3006,J01DD02
3007,J01DD03
3008,J01DD04
3009,J01DD05
3010,J01DD06
3011,J01DD07
3012,J01DD08
3013,J01DD09
3014,J01DD10
3015,J01DD11
3016,J01DD12
3017,J01DD13
3018,J01DD14
3019,J01DD15
3020,J01DD16
3021,J01DD17
3022,J01DD18
3023,J01DD51
3024,J01DD52
3025,J01DD54
3026,J01DD62
3027,J01DD63
3028,J01DD64
3029,J01DE
3030,J01DE01
3031,J01DE02
3032,J01DE03
3033,J01DF
3034,J01DF01
3035,J01DF02
3036,J01DH
3037,J01DH02
3038,J01DH03
3039,J01DH04
3040,J01DH05
3041,J01DH06
3042,J01DH51
3043,J01DH52
3044,J01DH55
3045,J01DH56
3046,J01DI
3047,J01DI01
3048,J01DI02
3049,J01DI03
3050,J01DI04
3051,J01DI54
3052,J01E
3053,J01EA
3054,J01EA01
3055,J01EA02
3056,J01EA03
3057,J01EB
3058,J01EB01
3059,J01EB02
3060,J01EB03
3061,J01EB04
3062,J01EB05
3063,J01EB06
3064,J01EB07
3065,J01EB08
3066,J01EB20
3067,J01EC
3068,J01EC01
3069,J01EC02
3070,J01EC03
3071,J01EC20
3072,J01ED
3073,J01ED01
3074,J01ED02
3075,J01ED03
3076,J01ED04
3077,J01ED05
3078,J01ED06
3079,J01ED07
3080,J01ED08
3081,J01ED09
3082,J01ED20
3083,J01EE
3084,J01EE01
3085,J01EE02
3086,J01EE03
3087,J01EE04
3088,J01EE05
3089,J01EE06
3090,J01EE07
3091,J01F
3092,J01FA
3093,J01FA01
3094,J01FA02
3095,J01FA03
3096,J01FA05
3097,J01FA06
3098,J01FA07
3099,J01FA08
3100,J01FA09
3101,J01FA10
3102,J01FA11
3103,J01FA12
3104,J01FA13
3105,J01FA14
3106,J01FA15
3107,J01FA16
3108,J01FF
3109,J01FF01
3110,J01FF02
3111,J01FG
3112,J01FG01
3113,J01FG02
3114,J01G
3115,J01GA
3116,J01GA01
3117,J01GA02
3118,J01GB
3119,J01GB01
3120,J01GB03
3121,J01GB04
3122,J01GB05
3123,J01GB06
3124,J01GB07
3125,J01GB08
3126,J01GB09
3127,J01GB10
3128,J01GB11
3129,J01GB12
3130,J01GB13
3131,J01GB14
3132,J01M
3133,J01MA
3134,J01MA01
3135,J01MA02
3136,J01MA03
3137,J01MA04
3138,J01MA05
3139,J01MA06
3140,J01MA07
3141,J01MA08
3142,J01MA09
3143,J01MA10
3144,J01MA11
3145,J01MA12
3146,J01MA13
3147,J01MA14
3148,J01MA15
3149,J01MA16
3150,J01MA17
3151,J01MA18
3152,J01MA19
3153,J01MA21
3154,J01MA22
3155,J01MA23
3156,J01MA24
3157,J01MA25
3158,J01MB
3159,J01MB01
3160,J01MB02
3161,J01MB03
3162,J01MB04
3163,J01MB05
3164,J01MB06
3165,J01MB07
3166,J01MB08
3167,J01R
3168,J01RA
3169,J01RA01
3170,J01RA02
3171,J01RA03
3172,J01RA04
3173,J01RA05
3174,J01RA06
3175,J01RA07
3176,J01RA08
3177,J01RA09
3178,J01RA10
3179,J01RA11
3180,J01RA12
3181,J01RA13
3182,J01RA14
3183,J01RA15
3184,J01X
3185,J01XA
3186,J01XA01
3187,J01XA02
3188,J01XA03
3189,J01XA04
3190,J01XA05
3191,J01XB
3192,J01XB01
3193,J01XB02
3194,J01XC
3195,J01XC01
3196,J01XD
3197,J01XD01
3198,J01XD02
3199,J01XD03
3200,J01XE
3201,J01XE01
3202,J01XE02
3203,J01XE03
3204,J01XE51
3205,J01XX
3206,J01XX01
3207,J01XX02
3208,J01XX03
3209,J01XX04
3210,J01XX05
3211,J01XX06
3212,J01XX07
3213,J01XX08
3214,J01XX09
3215,J01XX10
3216,J01XX11
3217,J01XX12
3218,J02
3219,J02A
3220,J02AA
3221,J02AA01
3222,J02AA02
3223,J02AB
3224,J02AB01
3225,J02AB02
3226,J02AC
3227,J02AC01
3228,J02AC02
3229,J02AC03
3230,J02AC04
3231,J02AC05
3232,J02AC06
3233,J02AX
3234,J02AX01
3235,J02AX04
3236,J02AX05
3237,J02AX06
3238,J04
3239,J04A
3240,J04AA
3241,J04AA01
3242,J04AA02
3243,J04AA03
3244,J04AB
3245,J04AB01
3246,J04AB02
3247,J04AB03
3248,J04AB04
3249,J04AB05
3250,J04AB06
3251,J04AB30
3252,J04AC
3253,J04AC01
3254,J04AC51
3255,J04AD
3256,J04AD01
3257,J04AD02
3258,J04AD03
3259,J04AK
3260,J04AK01
3261,J04AK02
3262,J04AK03
3263,J04AK04
3264,J04AK05
3265,J04AK06
3266,J04AK07
3267,J04AK08
3268,J04AM
3269,J04AM01
3270,J04AM02
3271,J04AM03
3272,J04AM04
3273,J04AM05
3274,J04AM06
3275,J04AM07
3276,J04AM08
3277,J04B
3278,J04BA
3279,J04BA01
3280,J04BA02
3281,J04BA03
3282,J05
3283,J05A
3284,J05AA
3285,J05AA01
3286,J05AB
3287,J05AB01
3288,J05AB02
3289,J05AB03
3290,J05AB06
3291,J05AB09
3292,J05AB11
3293,J05AB12
3294,J05AB13
3295,J05AB14
3296,J05AB15
3297,J05AB16
3298,J05AB17
3299,J05AC
3300,J05AC02
3301,J05AC03
3302,J05AD
3303,J05AD01
3304,J05AD02
3305,J05AE
3306,J05AE01
3307,J05AE02
3308,J05AE03
3309,J05AE04
3310,J05AE05
3311,J05AE07
3312,J05AE08
3313,J05AE09
3314,J05AE10
3315,J05AF
3316,J05AF01
3317,J05AF02
3318,J05AF03
3319,J05AF04
3320,J05AF05
3321,J05AF06
3322,J05AF07
3323,J05AF08
3324,J05AF09
3325,J05AF10
3326,J05AF11
3327,J05AF12
3328,J05AF13
3329,J05AG
3330,J05AG01
3331,J05AG02
3332,J05AG03
3333,J05AG04
3334,J05AG05
3335,J05AG06
3336,J05AH
3337,J05AH01
3338,J05AH02
3339,J05AH03
3340,J05AH04
3341,J05AJ
3342,J05AJ01
3343,J05AJ02
3344,J05AJ03
3345,J05AJ04
3346,J05AP
3347,J05AP01
3348,J05AP02
3349,J05AP03
3350,J05AP04
3351,J05AP05
3352,J05AP06
3353,J05AP07
3354,J05AP08
3355,J05AP09
3356,J05AP10
3357,J05AP11
3358,J05AP12
3359,J05AP51
3360,J05AP52
3361,J05AP53
3362,J05AP54
3363,J05AP55
3364,J05AP56
3365,J05AP57
3366,J05AP58
3367,J05AR
3368,J05AR01
3369,J05AR02
3370,J05AR03
3371,J05AR04
3372,J05AR05
3373,J05AR06
3374,J05AR07
3375,J05AR08
3376,J05AR09
3377,J05AR10
3378,J05AR11
3379,J05AR12
3380,J05AR13
3381,J05AR14
3382,J05AR15
3383,J05AR16
3384,J05AR17
3385,J05AR18
3386,J05AR19
3387,J05AR20
3388,J05AR21
3389,J05AR22
3390,J05AR23
3391,J05AR24
3392,J05AR25
3393,J05AR26
3394,J05AR27
3395,J05AX
3396,J05AX01
3397,J05AX02
3398,J05AX05
3399,J05AX06
3400,J05AX07
3401,J05AX09
3402,J05AX10
3403,J05AX13
3404,J05AX17
3405,J05AX18
3406,J05AX19
3407,J05AX21
3408,J05AX23
3409,J05AX24
3410,J05AX25
3411,J05AX26
3412,J05AX27
3413,J05AX28
3414,J05AX29
3415,J05AX31
3416,J06
3417,J06A
3418,J06AA
3419,J06AA01
3420,J06AA02
3421,J06AA03
3422,J06AA04
3423,J06AA05
3424,J06AA06
3425,J06B
3426,J06BA
3427,J06BA01
3428,J06BA02
3429,J06BB
3430,J06BB01
3431,J06BB02
3432,J06BB03
3433,J06BB04
3434,J06BB05
3435,J06BB06
3436,J06BB07
3437,J06BB08
3438,J06BB09
3439,J06BB10
3440,J06BB11
3441,J06BB12
3442,J06BB13
3443,J06BB14
3444,J06BB15
3445,J06BB19
3446,J06BB30
3447,J06BC
3448,J06BC01
3449,J06BC02
3450,J06BC03
3451,J06BC04
3452,J06BD
3453,J06BD01
3454,J06BD02
3455,J06BD03
3456,J07
3457,J07A
3458,J07AC
3459,J07AC01
3460,J07AD
3461,J07AD01
3462,J07AE
3463,J07AE01
3464,J07AE02
3465,J07AE51
3466,J07AF
3467,J07AF01
3468,J07AG
3469,J07AG01
3470,J07AG51
3471,J07AG52
3472,J07AG53
3473,J07AG54
3474,J07AH
3475,J07AH01
3476,J07AH02
3477,J07AH03
3478,J07AH04
3479,J07AH05
3480,J07AH06
3481,J07AH07
3482,J07AH08
3483,J07AH09
3484,J07AH10
3485,J07AJ
3486,J07AJ01
3487,J07AJ02
3488,J07AJ51
3489,J07AJ52
3490,J07AK
3491,J07AK01
3492,J07AL
3493,J07AL01
3494,J07AL02
3495,J07AL52
3496,J07AM
3497,J07AM01
3498,J07AM51
3499,J07AM52
3500,J07AN
3501,J07AN01
3502,J07AP
3503,J07AP01
3504,J07AP02
3505,J07AP03
3506,J07AP10
3507,J07AR
3508,J07AR01
3509,J07AX
3510,J07B
3511,J07BA
3512,J07BA01
3513,J07BA02
3514,J07BA03
3515,J07BB
3516,J07BB01
3517,J07BB02
3518,J07BB03
3519,J07BB04
3520,J07BC
3521,J07BC01
3522,J07BC02
3523,J07BC20
3524,J07BD
3525,J07BD01
3526,J07BD51
3527,J07BD52
3528,J07BD53
3529,J07BD54
3530,J07BE
3531,J07BE01
3532,J07BF
3533,J07BF01
3534,J07BF02
3535,J07BF03
3536,J07BF04
3537,J07BG
3538,J07BG01
3539,J07BH
3540,J07BH01
3541,J07BH02
3542,J07BJ
3543,J07BJ01
3544,J07BJ51
3545,J07BK
3546,J07BK01
3547,J07BK02
3548,J07BK03
3549,J07BL
3550,J07BL01
3551,J07BM
3552,J07BM01
3553,J07BM02
3554,J07BM03
3555,J07BX
3556,J07BX01
3557,J07BX02
3558,J07BX03
3559,J07BX04
3560,J07C
3561,J07CA
3562,J07CA01
3563,J07CA02
3564,J07CA03
3565,J07CA04
3566,J07CA05
3567,J07CA06
3568,J07CA07
3569,J07CA08
3570,J07CA09
3571,J07CA10
3572,J07CA11
3573,J07CA12
3574,J07CA13
3575,L
3576,L01
3577,L01A
3578,L01AA
3579,L01AA01
3580,L01AA02
3581,L01AA03
3582,L01AA05
3583,L01AA06
3584,L01AA07
3585,L01AA08
3586,L01AA09
3587,L01AA10
3588,L01AB
3589,L01AB01
3590,L01AB02
3591,L01AB03
3592,L01AC
3593,L01AC01
3594,L01AC02
3595,L01AC03
3596,L01AD
3597,L01AD01
3598,L01AD02
3599,L01AD03
3600,L01AD04
3601,L01AD05
3602,L01AD06
3603,L01AD07
3604,L01AD08
3605,L01AG
3606,L01AG01
3607,L01AX
3608,L01AX01
3609,L01AX02
3610,L01AX03
3611,L01AX04
3612,L01B
3613,L01BA
3614,L01BA01
3615,L01BA03
3616,L01BA04
3617,L01BA05
3618,L01BB
3619,L01BB02
3620,L01BB03
3621,L01BB04
3622,L01BB05
3623,L01BB06
3624,L01BB07
3625,L01BC
3626,L01BC01
3627,L01BC02
3628,L01BC03
3629,L01BC04
3630,L01BC05
3631,L01BC06
3632,L01BC07
3633,L01BC08
3634,L01BC09
3635,L01BC52
3636,L01BC53
3637,L01BC59
3638,L01C
3639,L01CA
3640,L01CA01
3641,L01CA02
3642,L01CA03
3643,L01CA04
3644,L01CA05
3645,L01CA06
3646,L01CB
3647,L01CB01
3648,L01CB02
3649,L01CC
3650,L01CC01
3651,L01CD
3652,L01CD01
3653,L01CD02
3654,L01CD03
3655,L01CD04
3656,L01CE
3657,L01CE01
3658,L01CE02
3659,L01CE03
3660,L01CE04
3661,L01CX
3662,L01CX01
3663,L01D
3664,L01DA
3665,L01DA01
3666,L01DB
3667,L01DB01
3668,L01DB02
3669,L01DB03
3670,L01DB04
3671,L01DB05
3672,L01DB06
3673,L01DB07
3674,L01DB08
3675,L01DB09
3676,L01DB10
3677,L01DB11
3678,L01DC
3679,L01DC01
3680,L01DC02
3681,L01DC03
3682,L01DC04
3683,L01E
3684,L01EA
3685,L01EA01
3686,L01EA02
3687,L01EA03
3688,L01EA04
3689,L01EA05
3690,L01EA06
3691,L01EB
3692,L01EB01
3693,L01EB02
3694,L01EB03
3695,L01EB04
3696,L01EB05
3697,L01EB06
3698,L01EB07
3699,L01EB08
3700,L01EC
3701,L01EC01
3702,L01EC02
3703,L01EC03
3704,L01ED
3705,L01ED01
3706,L01ED02
3707,L01ED03
3708,L01ED04
3709,L01ED05
3710,L01EE
3711,L01EE01
3712,L01EE02
3713,L01EE03
3714,L01EE04
3715,L01EF
3716,L01EF01
3717,L01EF02
3718,L01EF03
3719,L01EG
3720,L01EG01
3721,L01EG02
3722,L01EG03
3723,L01EH
3724,L01EH01
3725,L01EH02
3726,L01EH03
3727,L01EJ
3728,L01EJ01
3729,L01EJ02
3730,L01EJ03
3731,L01EK
3732,L01EK01
3733,L01EK02
3734,L01EK03
3735,L01EL
3736,L01EL01
3737,L01EL02
3738,L01EL03
3739,L01EM
3740,L01EM01
3741,L01EM02
3742,L01EM03
3743,L01EM04
3744,L01EN
3745,L01EN01
3746,L01EN02
3747,L01EN03
3748,L01EN04
3749,L01EX
3750,L01EX01
3751,L01EX02
3752,L01EX03
3753,L01EX04
3754,L01EX05
3755,L01EX06
3756,L01EX07
3757,L01EX08
3758,L01EX09
3759,L01EX10
3760,L01EX11
3761,L01EX12
3762,L01EX13
3763,L01EX14
3764,L01EX15
3765,L01EX17
3766,L01EX18
3767,L01EX19
3768,L01EX21
3769,L01EX22
3770,L01EX23
3771,L01F
3772,L01FA
3773,L01FA01
3774,L01FA02
3775,L01FA03
3776,L01FB
3777,L01FB01
3778,L01FB02
3779,L01FC
3780,L01FC01
3781,L01FC02
3782,L01FD
3783,L01FD01
3784,L01FD02
3785,L01FD03
3786,L01FD04
3787,L01FD05
3788,L01FE
3789,L01FE01
3790,L01FE02
3791,L01FE03
3792,L01FF
3793,L01FF01
3794,L01FF02
3795,L01FF03
3796,L01FF04
3797,L01FF05
3798,L01FF06
3799,L01FF07
3800,L01FF08
3801,L01FF09
3802,L01FF10
3803,L01FG
3804,L01FG01
3805,L01FG02
3806,L01FX
3807,L01FX01
3808,L01FX02
3809,L01FX03
3810,L01FX04
3811,L01FX05
3812,L01FX06
3813,L01FX07
3814,L01FX08
3815,L01FX09
3816,L01FX10
3817,L01FX11
3818,L01FX12
3819,L01FX13
3820,L01FX14
3821,L01FX15
3822,L01FX16
3823,L01FX17
3824,L01FX18
3825,L01X
3826,L01XA
3827,L01XA01
3828,L01XA02
3829,L01XA03
3830,L01XA04
3831,L01XA05
3832,L01XB
3833,L01XB01
3834,L01XD
3835,L01XD01
3836,L01XD03
3837,L01XD04
3838,L01XD05
3839,L01XD06
3840,L01XD07
3841,L01XF
3842,L01XF01
3843,L01XF02
3844,L01XF03
3845,L01XG
3846,L01XG01
3847,L01XG02
3848,L01XG03
3849,L01XH
3850,L01XH01
3851,L01XH02
3852,L01XH03
3853,L01XH04
3854,L01XH05
3855,L01XJ
3856,L01XJ01
3857,L01XJ02
3858,L01XJ03
3859,L01XK
3860,L01XK01
3861,L01XK02
3862,L01XK03
3863,L01XK04
3864,L01XK05
3865,L01XK06
3866,L01XX
3867,L01XX01
3868,L01XX02
3869,L01XX03
3870,L01XX05
3871,L01XX07
3872,L01XX08
3873,L01XX10
3874,L01XX11
3875,L01XX16
3876,L01XX18
3877,L01XX23
3878,L01XX24
3879,L01XX27
3880,L01XX29
3881,L01XX33
3882,L01XX35
3883,L01XX36
3884,L01XX37
3885,L01XX40
3886,L01XX41
3887,L01XX44
3888,L01XX51
3889,L01XX52
3890,L01XX53
3891,L01XX57
3892,L01XX58
3893,L01XX59
3894,L01XX62
3895,L01XX66
3896,L01XX67
3897,L01XX69
3898,L01XX70
3899,L01XX71
3900,L01XX72
3901,L01XX73
3902,L01XX74
3903,L01XY
3904,L01XY01
3905,L01XY02
3906,L02
3907,L02A
3908,L02AA
3909,L02AA01
3910,L02AA02
3911,L02AA03
3912,L02AA04
3913,L02AB
3914,L02AB01
3915,L02AB02
3916,L02AB03
3917,L02AE
3918,L02AE01
3919,L02AE02
3920,L02AE03
3921,L02AE04
3922,L02AE05
3923,L02AE51
3924,L02AX
3925,L02B
3926,L02BA
3927,L02BA01
3928,L02BA02
3929,L02BA03
3930,L02BB
3931,L02BB01
3932,L02BB02
3933,L02BB03
3934,L02BB04
3935,L02BB05
3936,L02BB06
3937,L02BG
3938,L02BG01
3939,L02BG02
3940,L02BG03
3941,L02BG04
3942,L02BG05
3943,L02BG06
3944,L02BX
3945,L02BX01
3946,L02BX02
3947,L02BX03
3948,L02BX04
3949,L03
3950,L03A
3951,L03AA
3952,L03AA02
3953,L03AA03
3954,L03AA09
3955,L03AA10
3956,L03AA12
3957,L03AA13
3958,L03AA14
3959,L03AA15
3960,L03AA16
3961,L03AA17
3962,L03AB
3963,L03AB01
3964,L03AB02
3965,L03AB03
3966,L03AB04
3967,L03AB05
3968,L03AB06
3969,L03AB07
3970,L03AB08
3971,L03AB09
3972,L03AB10
3973,L03AB11
3974,L03AB12
3975,L03AB13
3976,L03AB14
3977,L03AB15
3978,L03AB16
3979,L03AB60
3980,L03AB61
3981,L03AC
3982,L03AC01
3983,L03AC02
3984,L03AX
3985,L03AX01
3986,L03AX02
3987,L03AX03
3988,L03AX04
3989,L03AX05
3990,L03AX07
3991,L03AX08
3992,L03AX09
3993,L03AX10
3994,L03AX11
3995,L03AX12
3996,L03AX13
3997,L03AX14
3998,L03AX15
3999,L03AX16
4000,L03AX17
4001,L03AX18
4002,L03AX19
4003,L03AX21
4004,L04
4005,L04A
4006,L04AA
4007,L04AA02
4008,L04AA03
4009,L04AA04
4010,L04AA06
4011,L04AA10
4012,L04AA13
4013,L04AA15
4014,L04AA18
4015,L04AA19
4016,L04AA21
4017,L04AA22
4018,L04AA23
4019,L04AA24
4020,L04AA25
4021,L04AA26
4022,L04AA27
4023,L04AA28
4024,L04AA29
4025,L04AA31
4026,L04AA32
4027,L04AA33
4028,L04AA34
4029,L04AA35
4030,L04AA36
4031,L04AA37
4032,L04AA38
4033,L04AA39
4034,L04AA40
4035,L04AA41
4036,L04AA42
4037,L04AA43
4038,L04AA44
4039,L04AA45
4040,L04AA46
4041,L04AA47
4042,L04AA48
4043,L04AA49
4044,L04AA50
4045,L04AA51
4046,L04AA52
4047,L04AA53
4048,L04AA54
4049,L04AA55
4050,L04AA56
4051,L04AB
4052,L04AB01
4053,L04AB02
4054,L04AB03
4055,L04AB04
4056,L04AB05
4057,L04AB06
4058,L04AB07
4059,L04AC
4060,L04AC01
4061,L04AC02
4062,L04AC03
4063,L04AC04
4064,L04AC05
4065,L04AC07
4066,L04AC08
4067,L04AC09
4068,L04AC10
4069,L04AC11
4070,L04AC12
4071,L04AC13
4072,L04AC14
4073,L04AC15
4074,L04AC16
4075,L04AC17
4076,L04AC18
4077,L04AC19
4078,L04AC20
4079,L04AC21
4080,L04AC22
4081,L04AD
4082,L04AD01
4083,L04AD02
4084,L04AD03
4085,L04AX
4086,L04AX01
4087,L04AX02
4088,L04AX03
4089,L04AX04
4090,L04AX05
4091,L04AX06
4092,L04AX07
4093,L04AX08
4094,L04AX09
4095,M
4096,M01
4097,M01A
4098,M01AA
4099,M01AA01
4100,M01AA02
4101,M01AA03
4102,M01AA05
4103,M01AA06
4104,M01AB
4105,M01AB01
4106,M01AB02
4107,M01AB03
4108,M01AB04
4109,M01AB05
4110,M01AB06
4111,M01AB07
4112,M01AB08
4113,M01AB09
4114,M01AB10
4115,M01AB11
4116,M01AB12
4117,M01AB13
4118,M01AB14
4119,M01AB15
4120,M01AB16
4121,M01AB17
4122,M01AB51
4123,M01AB55
4124,M01AC
4125,M01AC01
4126,M01AC02
4127,M01AC04
4128,M01AC05
4129,M01AC06
4130,M01AC56
4131,M01AE
4132,M01AE01
4133,M01AE02
4134,M01AE03
4135,M01AE04
4136,M01AE05
4137,M01AE06
4138,M01AE07
4139,M01AE08
4140,M01AE09
4141,M01AE10
4142,M01AE11
4143,M01AE12
4144,M01AE13
4145,M01AE14
4146,M01AE15
4147,M01AE16
4148,M01AE17
4149,M01AE18
4150,M01AE51
4151,M01AE52
4152,M01AE53
4153,M01AE56
4154,M01AG
4155,M01AG01
4156,M01AG02
4157,M01AG03
4158,M01AG04
4159,M01AH
4160,M01AH01
4161,M01AH02
4162,M01AH03
4163,M01AH04
4164,M01AH05
4165,M01AH06
4166,M01AH07
4167,M01AX
4168,M01AX01
4169,M01AX02
4170,M01AX04
4171,M01AX05
4172,M01AX07
4173,M01AX12
4174,M01AX13
4175,M01AX14
4176,M01AX17
4177,M01AX18
4178,M01AX21
4179,M01AX22
4180,M01AX23
4181,M01AX24
4182,M01AX25
4183,M01AX26
4184,M01AX68
4185,M01B
4186,M01BA
4187,M01BA01
4188,M01BA02
4189,M01BA03
4190,M01BX
4191,M01C
4192,M01CA
4193,M01CA03
4194,M01CB
4195,M01CB01
4196,M01CB02
4197,M01CB03
4198,M01CB04
4199,M01CB05
4200,M01CC
4201,M01CC01
4202,M01CC02
4203,M01CX
4204,M02
4205,M02A
4206,M02AA
4207,M02AA01
4208,M02AA02
4209,M02AA03
4210,M02AA04
4211,M02AA05
4212,M02AA06
4213,M02AA07
4214,M02AA08
4215,M02AA09
4216,M02AA10
4217,M02AA11
4218,M02AA12
4219,M02AA13
4220,M02AA14
4221,M02AA15
4222,M02AA16
4223,M02AA17
4224,M02AA18
4225,M02AA19
4226,M02AA21
4227,M02AA22
4228,M02AA23
4229,M02AA24
4230,M02AA25
4231,M02AA26
4232,M02AA27
4233,M02AA28
4234,M02AA29
4235,M02AA31
4236,M02AB
4237,M02AB01
4238,M02AB02
4239,M02AC
4240,M02AX
4241,M02AX02
4242,M02AX03
4243,M02AX05
4244,M02AX06
4245,M02AX10
4246,M03
4247,M03A
4248,M03AA
4249,M03AA01
4250,M03AA02
4251,M03AA04
4252,M03AB
4253,M03AB01
4254,M03AC
4255,M03AC01
4256,M03AC02
4257,M03AC03
4258,M03AC04
4259,M03AC05
4260,M03AC06
4261,M03AC07
4262,M03AC08
4263,M03AC09
4264,M03AC10
4265,M03AC11
4266,M03AX
4267,M03AX01
4268,M03B
4269,M03BA
4270,M03BA01
4271,M03BA02
4272,M03BA03
4273,M03BA04
4274,M03BA05
4275,M03BA51
4276,M03BA52
4277,M03BA53
4278,M03BA71
4279,M03BA72
4280,M03BA73
4281,M03BB
4282,M03BB02
4283,M03BB03
4284,M03BB52
4285,M03BB53
4286,M03BB72
4287,M03BB73
4288,M03BC
4289,M03BC01
4290,M03BC51
4291,M03BX
4292,M03BX01
4293,M03BX02
4294,M03BX03
4295,M03BX04
4296,M03BX05
4297,M03BX06
4298,M03BX07
4299,M03BX08
4300,M03BX09
4301,M03BX30
4302,M03BX55
4303,M03C
4304,M03CA
4305,M03CA01
4306,M04
4307,M04A
4308,M04AA
4309,M04AA01
4310,M04AA02
4311,M04AA03
4312,M04AA51
4313,M04AB
4314,M04AB01
4315,M04AB02
4316,M04AB03
4317,M04AB04
4318,M04AB05
4319,M04AC
4320,M04AC01
4321,M04AC02
4322,M04AX
4323,M04AX01
4324,M04AX02
4325,M05
4326,M05B
4327,M05BA
4328,M05BA01
4329,M05BA02
4330,M05BA03
4331,M05BA04
4332,M05BA05
4333,M05BA06
4334,M05BA07
4335,M05BA08
4336,M05BB
4337,M05BB01
4338,M05BB02
4339,M05BB03
4340,M05BB04
4341,M05BB05
4342,M05BB06
4343,M05BB07
4344,M05BB08
4345,M05BB09
4346,M05BC
4347,M05BC01
4348,M05BC02
4349,M05BX
4350,M05BX01
4351,M05BX02
4352,M05BX03
4353,M05BX04
4354,M05BX05
4355,M05BX06
4356,M05BX07
4357,M05BX53
4358,M09
4359,M09A
4360,M09AA
4361,M09AA01
4362,M09AA72
4363,M09AB
4364,M09AB01
4365,M09AB02
4366,M09AB03
4367,M09AB52
4368,M09AX
4369,M09AX01
4370,M09AX02
4371,M09AX03
4372,M09AX04
4373,M09AX05
4374,M09AX06
4375,M09AX07
4376,M09AX08
4377,M09AX09
4378,M09AX10
4379,M09AX11
4380,M09AX12
4381,M09AX13
4382,N
4383,N01
4384,N01A
4385,N01AA
4386,N01AA01
4387,N01AA02
4388,N01AB
4389,N01AB01
4390,N01AB02
4391,N01AB04
4392,N01AB05
4393,N01AB06
4394,N01AB07
4395,N01AB08
4396,N01AF
4397,N01AF01
4398,N01AF02
4399,N01AF03
4400,N01AG
4401,N01AG01
4402,N01AH
4403,N01AH01
4404,N01AH02
4405,N01AH03
4406,N01AH04
4407,N01AH05
4408,N01AH06
4409,N01AH51
4410,N01AX
4411,N01AX03
4412,N01AX04
4413,N01AX05
4414,N01AX07
4415,N01AX10
4416,N01AX11
4417,N01AX13
4418,N01AX14
4419,N01AX15
4420,N01AX63
4421,N01B
4422,N01BA
4423,N01BA01
4424,N01BA02
4425,N01BA03
4426,N01BA04
4427,N01BA05
4428,N01BA52
4429,N01BA53
4430,N01BB
4431,N01BB01
4432,N01BB02
4433,N01BB03
4434,N01BB04
4435,N01BB05
4436,N01BB06
4437,N01BB07
4438,N01BB08
4439,N01BB09
4440,N01BB10
4441,N01BB20
4442,N01BB51
4443,N01BB52
4444,N01BB53
4445,N01BB54
4446,N01BB57
4447,N01BB58
4448,N01BB59
4449,N01BC
4450,N01BC01
4451,N01BX
4452,N01BX01
4453,N01BX02
4454,N01BX03
4455,N01BX04
4456,N02
4457,N02A
4458,N02AA
4459,N02AA01
4460,N02AA02
4461,N02AA03
4462,N02AA04
4463,N02AA05
4464,N02AA08
4465,N02AA10
4466,N02AA11
4467,N02AA51
4468,N02AA53
4469,N02AA55
4470,N02AA56
4471,N02AA58
4472,N02AA59
4473,N02AA79
4474,N02AB
4475,N02AB01
4476,N02AB02
4477,N02AB03
4478,N02AB52
4479,N02AB72
4480,N02AC
4481,N02AC01
4482,N02AC03
4483,N02AC04
4484,N02AC05
4485,N02AC52
4486,N02AC54
4487,N02AC74
4488,N02AD
4489,N02AD01
4490,N02AD02
4491,N02AE
4492,N02AE01
4493,N02AF
4494,N02AF01
4495,N02AF02
4496,N02AG
4497,N02AG01
4498,N02AG02
4499,N02AG03
4500,N02AG04
4501,N02AJ
4502,N02AJ01
4503,N02AJ02
4504,N02AJ03
4505,N02AJ06
4506,N02AJ07
4507,N02AJ08
4508,N02AJ09
4509,N02AJ13
4510,N02AJ14
4511,N02AJ15
4512,N02AJ16
4513,N02AJ17
4514,N02AJ18
4515,N02AJ19
4516,N02AX
4517,N02AX01
4518,N02AX02
4519,N02AX03
4520,N02AX05
4521,N02AX06
4522,N02AX07
4523,N02AX51
4524,N02B
4525,N02BA
4526,N02BA01
4527,N02BA02
4528,N02BA03
4529,N02BA04
4530,N02BA05
4531,N02BA06
4532,N02BA07
4533,N02BA08
4534,N02BA09
4535,N02BA10
4536,N02BA11
4537,N02BA12
4538,N02BA14
4539,N02BA15
4540,N02BA16
4541,N02BA51
4542,N02BA55
4543,N02BA57
4544,N02BA59
4545,N02BA65
4546,N02BA71
4547,N02BA75
4548,N02BA77
4549,N02BA79
4550,N02BB
4551,N02BB01
4552,N02BB02
4553,N02BB03
4554,N02BB04
4555,N02BB05
4556,N02BB51
4557,N02BB52
4558,N02BB53
4559,N02BB54
4560,N02BB71
4561,N02BB72
4562,N02BB73
4563,N02BB74
4564,N02BE
4565,N02BE01
4566,N02BE03
4567,N02BE04
4568,N02BE05
4569,N02BE51
4570,N02BE53
4571,N02BE54
4572,N02BE71
4573,N02BE73
4574,N02BE74
4575,N02BG
4576,N02BG02
4577,N02BG03
4578,N02BG04
4579,N02BG05
4580,N02BG06
4581,N02BG07
4582,N02BG08
4583,N02BG09
4584,N02BG10
4585,N02BG11
4586,N02BG12
4587,N02C
4588,N02CA
4589,N02CA01
4590,N02CA02
4591,N02CA04
4592,N02CA07
4593,N02CA51
4594,N02CA52
4595,N02CA72
4596,N02CB
4597,N02CB01
4598,N02CC
4599,N02CC01
4600,N02CC02
4601,N02CC03
4602,N02CC04
4603,N02CC05
4604,N02CC06
4605,N02CC07
4606,N02CC08
4607,N02CD
4608,N02CD01
4609,N02CD02
4610,N02CD03
4611,N02CD04
4612,N02CD05
4613,N02CD06
4614,N02CD07
4615,N02CX
4616,N02CX01
4617,N02CX02
4618,N02CX03
4619,N02CX05
4620,N02CX06
4621,N03
4622,N03A
4623,N03AA
4624,N03AA01
4625,N03AA02
4626,N03AA03
4627,N03AA04
4628,N03AA30
4629,N03AB
4630,N03AB01
4631,N03AB02
4632,N03AB03
4633,N03AB04
4634,N03AB05
4635,N03AB52
4636,N03AB54
4637,N03AC
4638,N03AC01
4639,N03AC02
4640,N03AC03
4641,N03AD
4642,N03AD01
4643,N03AD02
4644,N03AD03
4645,N03AD51
4646,N03AE
4647,N03AE01
4648,N03AF
4649,N03AF01
4650,N03AF02
4651,N03AF03
4652,N03AF04
4653,N03AG
4654,N03AG01
4655,N03AG02
4656,N03AG03
4657,N03AG04
4658,N03AG05
4659,N03AG06
4660,N03AX
4661,N03AX03
4662,N03AX07
4663,N03AX09
4664,N03AX10
4665,N03AX11
4666,N03AX12
4667,N03AX13
4668,N03AX14
4669,N03AX15
4670,N03AX16
4671,N03AX17
4672,N03AX18
4673,N03AX19
4674,N03AX21
4675,N03AX22
4676,N03AX23
4677,N03AX24
4678,N03AX25
4679,N03AX26
4680,N03AX27
4681,N03AX30
4682,N04
4683,N04A
4684,N04AA
4685,N04AA01
4686,N04AA02
4687,N04AA03
4688,N04AA04
4689,N04AA05
4690,N04AA08
4691,N04AA09
4692,N04AA10
4693,N04AA11
4694,N04AA12
4695,N04AB
4696,N04AB01
4697,N04AB02
4698,N04AC
4699,N04AC01
4700,N04AC30
4701,N04B
4702,N04BA
4703,N04BA01
4704,N04BA02
4705,N04BA03
4706,N04BA04
4707,N04BA05
4708,N04BA06
4709,N04BB
4710,N04BB01
4711,N04BC
4712,N04BC01
4713,N04BC02
4714,N04BC03
4715,N04BC04
4716,N04BC05
4717,N04BC06
4718,N04BC07
4719,N04BC08
4720,N04BC09
4721,N04BD
4722,N04BD01
4723,N04BD02
4724,N04BD03
4725,N04BX
4726,N04BX01
4727,N04BX02
4728,N04BX03
4729,N04BX04
4730,N04C
4731,N04CX
4732,N04CX01
4733,N05
4734,N05A
4735,N05AA
4736,N05AA01
4737,N05AA02
4738,N05AA03
4739,N05AA04
4740,N05AA05
4741,N05AA06
4742,N05AA07
4743,N05AB
4744,N05AB01
4745,N05AB02
4746,N05AB03
4747,N05AB04
4748,N05AB05
4749,N05AB06
4750,N05AB07
4751,N05AB08
4752,N05AB09
4753,N05AB10
4754,N05AC
4755,N05AC01
4756,N05AC02
4757,N05AC03
4758,N05AC04
4759,N05AD
4760,N05AD01
4761,N05AD02
4762,N05AD03
4763,N05AD04
4764,N05AD05
4765,N05AD06
4766,N05AD07
4767,N05AD08
4768,N05AD09
4769,N05AD10
4770,N05AE
4771,N05AE01
4772,N05AE02
4773,N05AE03
4774,N05AE04
4775,N05AE05
4776,N05AF
4777,N05AF01
4778,N05AF02
4779,N05AF03
4780,N05AF04
4781,N05AF05
4782,N05AG
4783,N05AG01
4784,N05AG02
4785,N05AG03
4786,N05AH
4787,N05AH01
4788,N05AH02
4789,N05AH03
4790,N05AH04
4791,N05AH05
4792,N05AH06
4793,N05AL
4794,N05AL01
4795,N05AL02
4796,N05AL03
4797,N05AL04
4798,N05AL05
4799,N05AL06
4800,N05AL07
4801,N05AN
4802,N05AN01
4803,N05AX
4804,N05AX07
4805,N05AX08
4806,N05AX10
4807,N05AX11
4808,N05AX12
4809,N05AX13
4810,N05AX14
4811,N05AX15
4812,N05AX16
4813,N05AX17
4814,N05B
4815,N05BA
4816,N05BA01
4817,N05BA02
4818,N05BA03
4819,N05BA04
4820,N05BA05
4821,N05BA06
4822,N05BA07
4823,N05BA08
4824,N05BA09
4825,N05BA10
4826,N05BA11
4827,N05BA12
4828,N05BA13
4829,N05BA14
4830,N05BA15
4831,N05BA16
4832,N05BA17
4833,N05BA18
4834,N05BA19
4835,N05BA21
4836,N05BA22
4837,N05BA23
4838,N05BA24
4839,N05BA25
4840,N05BA56
4841,N05BB
4842,N05BB01
4843,N05BB02
4844,N05BB51
4845,N05BC
4846,N05BC01
4847,N05BC03
4848,N05BC04
4849,N05BC51
4850,N05BD
4851,N05BD01
4852,N05BE
4853,N05BE01
4854,N05BX
4855,N05BX01
4856,N05BX02
4857,N05BX03
4858,N05BX04
4859,N05BX05
4860,N05C
4861,N05CA
4862,N05CA01
4863,N05CA02
4864,N05CA03
4865,N05CA04
4866,N05CA05
4867,N05CA06
4868,N05CA07
4869,N05CA08
4870,N05CA09
4871,N05CA10
4872,N05CA11
4873,N05CA12
4874,N05CA15
4875,N05CA16
4876,N05CA19
4877,N05CA20
4878,N05CA21
4879,N05CA22
4880,N05CB
4881,N05CB01
4882,N05CB02
4883,N05CC
4884,N05CC01
4885,N05CC02
4886,N05CC03
4887,N05CC04
4888,N05CC05
4889,N05CD
4890,N05CD01
4891,N05CD02
4892,N05CD03
4893,N05CD04
4894,N05CD05
4895,N05CD06
4896,N05CD07
4897,N05CD08
4898,N05CD09
4899,N05CD10
4900,N05CD11
4901,N05CD12
4902,N05CD13
4903,N05CD14
4904,N05CD15
4905,N05CE
4906,N05CE01
4907,N05CE02
4908,N05CE03
4909,N05CF
4910,N05CF01
4911,N05CF02
4912,N05CF03
4913,N05CF04
4914,N05CH
4915,N05CH01
4916,N05CH02
4917,N05CH03
4918,N05CM
4919,N05CM01
4920,N05CM02
4921,N05CM03
4922,N05CM04
4923,N05CM05
4924,N05CM06
4925,N05CM07
4926,N05CM08
4927,N05CM09
4928,N05CM10
4929,N05CM11
4930,N05CM12
4931,N05CM13
4932,N05CM15
4933,N05CM16
4934,N05CM18
4935,N05CM19
4936,N05CM21
4937,N05CX
4938,N05CX01
4939,N05CX02
4940,N05CX03
4941,N05CX04
4942,N05CX05
4943,N05CX06
4944,N06
4945,N06A
4946,N06AA
4947,N06AA01
4948,N06AA02
4949,N06AA03
4950,N06AA04
4951,N06AA05
4952,N06AA06
4953,N06AA07
4954,N06AA08
4955,N06AA09
4956,N06AA10
4957,N06AA11
4958,N06AA12
4959,N06AA13
4960,N06AA14
4961,N06AA15
4962,N06AA16
4963,N06AA17
4964,N06AA18
4965,N06AA19
4966,N06AA21
4967,N06AA23
4968,N06AB
4969,N06AB02
4970,N06AB03
4971,N06AB04
4972,N06AB05
4973,N06AB06
4974,N06AB07
4975,N06AB08
4976,N06AB09
4977,N06AB10
4978,N06AF
4979,N06AF01
4980,N06AF02
4981,N06AF03
4982,N06AF04
4983,N06AF05
4984,N06AF06
4985,N06AG
4986,N06AG02
4987,N06AG03
4988,N06AX
4989,N06AX01
4990,N06AX02
4991,N06AX03
4992,N06AX04
4993,N06AX05
4994,N06AX06
4995,N06AX07
4996,N06AX08
4997,N06AX09
4998,N06AX10
4999,N06AX11
5000,N06AX12
5001,N06AX13
5002,N06AX14
5003,N06AX15
5004,N06AX16
5005,N06AX17
5006,N06AX18
5007,N06AX19
5008,N06AX21
5009,N06AX22
5010,N06AX23
5011,N06AX24
5012,N06AX25
5013,N06AX26
5014,N06AX27
5015,N06AX28
5016,N06B
5017,N06BA
5018,N06BA01
5019,N06BA02
5020,N06BA03
5021,N06BA04
5022,N06BA05
5023,N06BA06
5024,N06BA07
5025,N06BA08
5026,N06BA09
5027,N06BA10
5028,N06BA11
5029,N06BA12
5030,N06BA13
5031,N06BA14
5032,N06BC
5033,N06BC01
5034,N06BC02
5035,N06BX
5036,N06BX01
5037,N06BX02
5038,N06BX03
5039,N06BX04
5040,N06BX05
5041,N06BX06
5042,N06BX07
5043,N06BX08
5044,N06BX09
5045,N06BX10
5046,N06BX11
5047,N06BX12
5048,N06BX13
5049,N06BX14
5050,N06BX15
5051,N06BX16
5052,N06BX17
5053,N06BX18
5054,N06BX21
5055,N06BX22
5056,N06C
5057,N06CA
5058,N06CA01
5059,N06CA02
5060,N06CA03
5061,N06CB
5062,N06D
5063,N06DA
5064,N06DA01
5065,N06DA02
5066,N06DA03
5067,N06DA04
5068,N06DA05
5069,N06DA52
5070,N06DA53
5071,N06DX
5072,N06DX01
5073,N06DX02
5074,N06DX03
5075,N06DX30
5076,N07
5077,N07A
5078,N07AA
5079,N07AA01
5080,N07AA02
5081,N07AA03
5082,N07AA30
5083,N07AA51
5084,N07AB
5085,N07AB01
5086,N07AB02
5087,N07AX
5088,N07AX01
5089,N07AX02
5090,N07AX03
5091,N07B
5092,N07BA
5093,N07BA01
5094,N07BA03
5095,N07BA04
5096,N07BB
5097,N07BB01
5098,N07BB02
5099,N07BB03
5100,N07BB04
5101,N07BB05
5102,N07BC
5103,N07BC01
5104,N07BC02
5105,N07BC03
5106,N07BC04
5107,N07BC05
5108,N07BC06
5109,N07BC51
5110,N07C
5111,N07CA
5112,N07CA01
5113,N07CA02
5114,N07CA03
5115,N07CA04
5116,N07CA52
5117,N07X
5118,N07XA
5119,N07XX
5120,N07XX01
5121,N07XX02
5122,N07XX03
5123,N07XX04
5124,N07XX05
5125,N07XX06
5126,N07XX07
5127,N07XX08
5128,N07XX10
5129,N07XX11
5130,N07XX12
5131,N07XX13
5132,N07XX14
5133,N07XX15
5134,N07XX16
5135,N07XX17
5136,N07XX59
5137,N07XX60
5138,P
5139,P01
5140,P01A
5141,P01AA
5142,P01AA01
5143,P01AA02
5144,P01AA04
5145,P01AA05
5146,P01AA30
5147,P01AA52
5148,P01AB
5149,P01AB01
5150,P01AB02
5151,P01AB03
5152,P01AB04
5153,P01AB05
5154,P01AB06
5155,P01AB07
5156,P01AB51
5157,P01AB52
5158,P01AC
5159,P01AC01
5160,P01AC02
5161,P01AC03
5162,P01AC04
5163,P01AR
5164,P01AR01
5165,P01AR02
5166,P01AR03
5167,P01AR53
5168,P01AX
5169,P01AX01
5170,P01AX02
5171,P01AX04
5172,P01AX05
5173,P01AX06
5174,P01AX07
5175,P01AX08
5176,P01AX09
5177,P01AX10
5178,P01AX11
5179,P01AX52
5180,P01B
5181,P01BA
5182,P01BA01
5183,P01BA02
5184,P01BA03
5185,P01BA06
5186,P01BA07
5187,P01BB
5188,P01BB01
5189,P01BB02
5190,P01BB51
5191,P01BB52
5192,P01BC
5193,P01BC01
5194,P01BC02
5195,P01BD
5196,P01BD01
5197,P01BD51
5198,P01BE
5199,P01BE01
5200,P01BE02
5201,P01BE03
5202,P01BE04
5203,P01BE05
5204,P01BF
5205,P01BF01
5206,P01BF02
5207,P01BF03
5208,P01BF04
5209,P01BF05
5210,P01BF06
5211,P01BF07
5212,P01BF08
5213,P01BF09
5214,P01BX
5215,P01BX01
5216,P01BX02
5217,P01C
5218,P01CA
5219,P01CA02
5220,P01CA03
5221,P01CB
5222,P01CB01
5223,P01CB02
5224,P01CC
5225,P01CC01
5226,P01CC02
5227,P01CD
5228,P01CD01
5229,P01CD02
5230,P01CX
5231,P01CX01
5232,P01CX02
5233,P01CX03
5234,P01CX04
5235,P02
5236,P02B
5237,P02BA
5238,P02BA01
5239,P02BA02
5240,P02BB
5241,P02BB01
5242,P02BX
5243,P02BX01
5244,P02BX02
5245,P02BX03
5246,P02BX04
5247,P02C
5248,P02CA
5249,P02CA01
5250,P02CA02
5251,P02CA03
5252,P02CA04
5253,P02CA05
5254,P02CA06
5255,P02CA51
5256,P02CB
5257,P02CB01
5258,P02CB02
5259,P02CC
5260,P02CC01
5261,P02CC02
5262,P02CE
5263,P02CE01
5264,P02CF
5265,P02CF01
5266,P02CX
5267,P02CX01
5268,P02CX02
5269,P02CX03
5270,P02D
5271,P02DA
5272,P02DA01
5273,P02DX
5274,P02DX01
5275,P02DX02
5276,P03
5277,P03A
5278,P03AA
5279,P03AA01
5280,P03AA02
5281,P03AA03
5282,P03AA04
5283,P03AA05
5284,P03AA54
5285,P03AB
5286,P03AB01
5287,P03AB02
5288,P03AB51
5289,P03AC
5290,P03AC01
5291,P03AC02
5292,P03AC03
5293,P03AC04
5294,P03AC51
5295,P03AC52
5296,P03AC53
5297,P03AC54
5298,P03AX
5299,P03AX01
5300,P03AX02
5301,P03AX03
5302,P03AX04
5303,P03AX05
5304,P03AX06
5305,P03AX07
5306,P03B
5307,P03BA
5308,P03BA01
5309,P03BA02
5310,P03BA03
5311,P03BA04
5312,P03BX
5313,P03BX01
5314,P03BX02
5315,P03BX03
5316,P03BX04
5317,P03BX05
5318,P03BX06
5319,R
5320,R01
5321,R01A
5322,R01AA
5323,R01AA02
5324,R01AA03
5325,R01AA04
5326,R01AA05
5327,R01AA06
5328,R01AA07
5329,R01AA08
5330,R01AA09
5331,R01AA10
5332,R01AA11
5333,R01AA12
5334,R01AA13
5335,R01AA14
5336,R01AA15
5337,R01AB
5338,R01AB01
5339,R01AB02
5340,R01AB03
5341,R01AB05
5342,R01AB06
5343,R01AB07
5344,R01AB08
5345,R01AC
5346,R01AC01
5347,R01AC02
5348,R01AC03
5349,R01AC04
5350,R01AC05
5351,R01AC06
5352,R01AC07
5353,R01AC08
5354,R01AC51
5355,R01AD
5356,R01AD01
5357,R01AD02
5358,R01AD03
5359,R01AD04
5360,R01AD05
5361,R01AD06
5362,R01AD07
5363,R01AD08
5364,R01AD09
5365,R01AD11
5366,R01AD12
5367,R01AD13
5368,R01AD52
5369,R01AD53
5370,R01AD57
5371,R01AD58
5372,R01AD59
5373,R01AD60
5374,R01AX
5375,R01AX01
5376,R01AX02
5377,R01AX03
5378,R01AX05
5379,R01AX06
5380,R01AX07
5381,R01AX08
5382,R01AX09
5383,R01AX10
5384,R01AX30
5385,R01B
5386,R01BA
5387,R01BA01
5388,R01BA02
5389,R01BA03
5390,R01BA51
5391,R01BA52
5392,R01BA53
5393,R02
5394,R02A
5395,R02AA
5396,R02AA01
5397,R02AA02
5398,R02AA03
5399,R02AA05
5400,R02AA06
5401,R02AA09
5402,R02AA10
5403,R02AA11
5404,R02AA12
5405,R02AA13
5406,R02AA14
5407,R02AA15
5408,R02AA16
5409,R02AA17
5410,R02AA18
5411,R02AA19
5412,R02AA20
5413,R02AA21
5414,R02AB
5415,R02AB01
5416,R02AB02
5417,R02AB03
5418,R02AB04
5419,R02AB30
5420,R02AD
5421,R02AD01
5422,R02AD02
5423,R02AD03
5424,R02AD04
5425,R02AX
5426,R02AX01
5427,R02AX02
5428,R02AX03
5429,R03
5430,R03A
5431,R03AA
5432,R03AA01
5433,R03AB
5434,R03AB02
5435,R03AB03
5436,R03AC
5437,R03AC02
5438,R03AC03
5439,R03AC04
5440,R03AC05
5441,R03AC06
5442,R03AC07
5443,R03AC08
5444,R03AC09
5445,R03AC10
5446,R03AC11
5447,R03AC12
5448,R03AC13
5449,R03AC14
5450,R03AC15
5451,R03AC16
5452,R03AC17
5453,R03AC18
5454,R03AC19
5455,R03AH
5456,R03AK
5457,R03AK01
5458,R03AK02
5459,R03AK04
5460,R03AK05
5461,R03AK06
5462,R03AK07
5463,R03AK08
5464,R03AK09
5465,R03AK10
5466,R03AK11
5467,R03AK12
5468,R03AK13
5469,R03AK14
5470,R03AL
5471,R03AL01
5472,R03AL02
5473,R03AL03
5474,R03AL04
5475,R03AL05
5476,R03AL06
5477,R03AL07
5478,R03AL08
5479,R03AL09
5480,R03AL10
5481,R03AL11
5482,R03AL12
5483,R03B
5484,R03BA
5485,R03BA01
5486,R03BA02
5487,R03BA03
5488,R03BA04
5489,R03BA05
5490,R03BA06
5491,R03BA07
5492,R03BA08
5493,R03BA09
5494,R03BB
5495,R03BB01
5496,R03BB02
5497,R03BB03
5498,R03BB04
5499,R03BB05
5500,R03BB06
5501,R03BB07
5502,R03BB08
5503,R03BB54
5504,R03BC
5505,R03BC01
5506,R03BC03
5507,R03BX
5508,R03BX01
5509,R03C
5510,R03CA
5511,R03CA02
5512,R03CB
5513,R03CB01
5514,R03CB02
5515,R03CB03
5516,R03CB51
5517,R03CB53
5518,R03CC
5519,R03CC02
5520,R03CC03
5521,R03CC04
5522,R03CC05
5523,R03CC06
5524,R03CC07
5525,R03CC08
5526,R03CC09
5527,R03CC10
5528,R03CC11
5529,R03CC12
5530,R03CC13
5531,R03CC14
5532,R03CC15
5533,R03CC53
5534,R03CC63
5535,R03CK
5536,R03D
5537,R03DA
5538,R03DA01
5539,R03DA02
5540,R03DA03
5541,R03DA04
5542,R03DA05
5543,R03DA06
5544,R03DA07
5545,R03DA08
5546,R03DA09
5547,R03DA10
5548,R03DA11
5549,R03DA12
5550,R03DA20
5551,R03DA51
5552,R03DA54
5553,R03DA55
5554,R03DA57
5555,R03DA74
5556,R03DB
5557,R03DB01
5558,R03DB02
5559,R03DB03
5560,R03DB04
5561,R03DB05
5562,R03DB06
5563,R03DC
5564,R03DC01
5565,R03DC02
5566,R03DC03
5567,R03DC04
5568,R03DC53
5569,R03DX
5570,R03DX01
5571,R03DX02
5572,R03DX03
5573,R03DX05
5574,R03DX06
5575,R03DX07
5576,R03DX08
5577,R03DX09
5578,R03DX10
5579,R03DX11
5580,R05
5581,R05C
5582,R05CA
5583,R05CA01
5584,R05CA02
5585,R05CA03
5586,R05CA04
5587,R05CA05
5588,R05CA06
5589,R05CA07
5590,R05CA08
5591,R05CA09
5592,R05CA10
5593,R05CA11
5594,R05CA12
5595,R05CA13
5596,R05CB
5597,R05CB01
5598,R05CB02
5599,R05CB03
5600,R05CB04
5601,R05CB05
5602,R05CB06
5603,R05CB07
5604,R05CB08
5605,R05CB09
5606,R05CB10
5607,R05CB11
5608,R05CB13
5609,R05CB14
5610,R05CB15
5611,R05CB16
5612,R05D
5613,R05DA
5614,R05DA01
5615,R05DA03
5616,R05DA04
5617,R05DA05
5618,R05DA06
5619,R05DA07
5620,R05DA08
5621,R05DA09
5622,R05DA10
5623,R05DA11
5624,R05DA12
5625,R05DA20
5626,R05DB
5627,R05DB01
5628,R05DB02
5629,R05DB03
5630,R05DB04
5631,R05DB05
5632,R05DB07
5633,R05DB09
5634,R05DB10
5635,R05DB11
5636,R05DB12
5637,R05DB13
5638,R05DB14
5639,R05DB15
5640,R05DB16
5641,R05DB17
5642,R05DB18
5643,R05DB19
5644,R05DB20
5645,R05DB21
5646,R05DB22
5647,R05DB23
5648,R05DB24
5649,R05DB25
5650,R05DB26
5651,R05DB27
5652,R05DB28
5653,R05DB29
5654,R05F
5655,R05FA
5656,R05FA01
5657,R05FA02
5658,R05FB
5659,R05FB01
5660,R05FB02
5661,R06
5662,R06A
5663,R06AA
5664,R06AA01
5665,R06AA02
5666,R06AA04
5667,R06AA06
5668,R06AA07
5669,R06AA08
5670,R06AA09
5671,R06AA10
5672,R06AA11
5673,R06AA52
5674,R06AA54
5675,R06AA56
5676,R06AA57
5677,R06AA59
5678,R06AB
5679,R06AB01
5680,R06AB02
5681,R06AB03
5682,R06AB04
5683,R06AB05
5684,R06AB06
5685,R06AB07
5686,R06AB51
5687,R06AB52
5688,R06AB54
5689,R06AB56
5690,R06AC
5691,R06AC01
5692,R06AC02
5693,R06AC03
5694,R06AC04
5695,R06AC05
5696,R06AC06
5697,R06AC52
5698,R06AC53
5699,R06AD
5700,R06AD01
5701,R06AD02
5702,R06AD03
5703,R06AD04
5704,R06AD05
5705,R06AD06
5706,R06AD07
5707,R06AD08
5708,R06AD09
5709,R06AD52
5710,R06AD55
5711,R06AE
5712,R06AE01
5713,R06AE03
5714,R06AE04
5715,R06AE05
5716,R06AE06
5717,R06AE07
5718,R06AE09
5719,R06AE51
5720,R06AE53
5721,R06AE55
5722,R06AK
5723,R06AX
5724,R06AX01
5725,R06AX02
5726,R06AX03
5727,R06AX04
5728,R06AX05
5729,R06AX07
5730,R06AX08
5731,R06AX09
5732,R06AX11
5733,R06AX12
5734,R06AX13
5735,R06AX15
5736,R06AX16
5737,R06AX17
5738,R06AX18
5739,R06AX19
5740,R06AX21
5741,R06AX22
5742,R06AX23
5743,R06AX24
5744,R06AX25
5745,R06AX26
5746,R06AX27
5747,R06AX28
5748,R06AX29
5749,R06AX31
5750,R06AX32
5751,R06AX53
5752,R06AX58
5753,R07
5754,R07A
5755,R07AA
5756,R07AA01
5757,R07AA02
5758,R07AA30
5759,R07AB
5760,R07AB01
5761,R07AB02
5762,R07AB03
5763,R07AB04
5764,R07AB05
5765,R07AB06
5766,R07AB07
5767,R07AB08
5768,R07AB09
5769,R07AB52
5770,R07AB53
5771,R07AX
5772,R07AX01
5773,R07AX02
5774,R07AX30
5775,R07AX31
5776,R07AX32
5777,S
5778,S01
5779,S01A
5780,S01AA
5781,S01AA01
5782,S01AA02
5783,S01AA03
5784,S01AA04
5785,S01AA05
5786,S01AA07
5787,S01AA09
5788,S01AA10
5789,S01AA11
5790,S01AA12
5791,S01AA13
5792,S01AA14
5793,S01AA15
5794,S01AA16
5795,S01AA17
5796,S01AA18
5797,S01AA19
5798,S01AA20
5799,S01AA21
5800,S01AA22
5801,S01AA23
5802,S01AA24
5803,S01AA25
5804,S01AA26
5805,S01AA27
5806,S01AA28
5807,S01AA30
5808,S01AB
5809,S01AB01
5810,S01AB02
5811,S01AB03
5812,S01AB04
5813,S01AB05
5814,S01AD
5815,S01AD01
5816,S01AD02
5817,S01AD03
5818,S01AD05
5819,S01AD06
5820,S01AD07
5821,S01AD08
5822,S01AD09
5823,S01AE
5824,S01AE01
5825,S01AE02
5826,S01AE03
5827,S01AE04
5828,S01AE05
5829,S01AE06
5830,S01AE07
5831,S01AE08
5832,S01AX
5833,S01AX01
5834,S01AX02
5835,S01AX03
5836,S01AX04
5837,S01AX05
5838,S01AX06
5839,S01AX07
5840,S01AX08
5841,S01AX09
5842,S01AX10
5843,S01AX14
5844,S01AX15
5845,S01AX16
5846,S01AX18
5847,S01B
5848,S01BA
5849,S01BA01
5850,S01BA02
5851,S01BA03
5852,S01BA04
5853,S01BA05
5854,S01BA06
5855,S01BA07
5856,S01BA08
5857,S01BA09
5858,S01BA10
5859,S01BA11
5860,S01BA12
5861,S01BA13
5862,S01BA14
5863,S01BA15
5864,S01BB
5865,S01BB01
5866,S01BB02
5867,S01BB03
5868,S01BB04
5869,S01BC
5870,S01BC01
5871,S01BC02
5872,S01BC03
5873,S01BC04
5874,S01BC05
5875,S01BC06
5876,S01BC07
5877,S01BC08
5878,S01BC09
5879,S01BC10
5880,S01BC11
5881,S01C
5882,S01CA
5883,S01CA01
5884,S01CA02
5885,S01CA03
5886,S01CA04
5887,S01CA05
5888,S01CA06
5889,S01CA07
5890,S01CA08
5891,S01CA09
5892,S01CA10
5893,S01CA11
5894,S01CB
5895,S01CB01
5896,S01CB02
5897,S01CB03
5898,S01CB04
5899,S01CB05
5900,S01CC
5901,S01CC01
5902,S01CC02
5903,S01E
5904,S01EA
5905,S01EA01
5906,S01EA02
5907,S01EA03
5908,S01EA04
5909,S01EA05
5910,S01EA51
5911,S01EB
5912,S01EB01
5913,S01EB02
5914,S01EB03
5915,S01EB04
5916,S01EB05
5917,S01EB06
5918,S01EB07
5919,S01EB08
5920,S01EB09
5921,S01EB10
5922,S01EB51
5923,S01EB58
5924,S01EC
5925,S01EC01
5926,S01EC02
5927,S01EC03
5928,S01EC04
5929,S01EC05
5930,S01EC54
5931,S01ED
5932,S01ED01
5933,S01ED02
5934,S01ED03
5935,S01ED04
5936,S01ED05
5937,S01ED06
5938,S01ED51
5939,S01ED52
5940,S01ED54
5941,S01ED55
5942,S01EE
5943,S01EE01
5944,S01EE02
5945,S01EE03
5946,S01EE04
5947,S01EE05
5948,S01EE06
5949,S01EE51
5950,S01EX
5951,S01EX01
5952,S01EX02
5953,S01EX05
5954,S01EX06
5955,S01EX07
5956,S01F
5957,S01FA
5958,S01FA01
5959,S01FA02
5960,S01FA03
5961,S01FA04
5962,S01FA05
5963,S01FA06
5964,S01FA54
5965,S01FA56
5966,S01FB
5967,S01FB01
5968,S01FB02
5969,S01FB03
5970,S01FB51
5971,S01G
5972,S01GA
5973,S01GA01
5974,S01GA02
5975,S01GA03
5976,S01GA04
5977,S01GA05
5978,S01GA06
5979,S01GA07
5980,S01GA51
5981,S01GA52
5982,S01GA53
5983,S01GA55
5984,S01GA56
5985,S01GX
5986,S01GX01
5987,S01GX02
5988,S01GX03
5989,S01GX04
5990,S01GX05
5991,S01GX06
5992,S01GX07
5993,S01GX08
5994,S01GX09
5995,S01GX10
5996,S01GX11
5997,S01GX12
5998,S01GX13
5999,S01GX51
6000,S01H
6001,S01HA
6002,S01HA01
6003,S01HA02
6004,S01HA03
6005,S01HA04
6006,S01HA05
6007,S01HA06
6008,S01HA07
6009,S01HA30
6010,S01J
6011,S01JA
6012,S01JA01
6013,S01JA02
6014,S01JA51
6015,S01JX
6016,S01K
6017,S01KA
6018,S01KA01
6019,S01KA02
6020,S01KA51
6021,S01KX
6022,S01KX01
6023,S01L
6024,S01LA
6025,S01LA01
6026,S01LA02
6027,S01LA03
6028,S01LA04
6029,S01LA05
6030,S01LA06
6031,S01LA07
6032,S01LA08
6033,S01X
6034,S01XA
6035,S01XA01
6036,S01XA02
6037,S01XA03
6038,S01XA04
6039,S01XA05
6040,S01XA06
6041,S01XA07
6042,S01XA08
6043,S01XA09
6044,S01XA10
6045,S01XA11
6046,S01XA12
6047,S01XA13
6048,S01XA14
6049,S01XA15
6050,S01XA18
6051,S01XA19
6052,S01XA20
6053,S01XA21
6054,S01XA22
6055,S01XA23
6056,S01XA24
6057,S01XA25
6058,S01XA26
6059,S01XA27
6060,S02
6061,S02A
6062,S02AA
6063,S02AA01
6064,S02AA02
6065,S02AA03
6066,S02AA04
6067,S02AA05
6068,S02AA06
6069,S02AA07
6070,S02AA08
6071,S02AA09
6072,S02AA10
6073,S02AA11
6074,S02AA12
6075,S02AA13
6076,S02AA14
6077,S02AA15
6078,S02AA16
6079,S02AA30
6080,S02B
6081,S02BA
6082,S02BA01
6083,S02BA03
6084,S02BA06
6085,S02BA07
6086,S02BA08
6087,S02C
6088,S02CA
6089,S02CA01
6090,S02CA02
6091,S02CA03
6092,S02CA04
6093,S02CA05
6094,S02CA06
6095,S02CA07
6096,S02D
6097,S02DA
6098,S02DA01
6099,S02DA02
6100,S02DA03
6101,S02DA04
6102,S02DA30
6103,S02DC
6104,S03
6105,S03A
6106,S03AA
6107,S03AA01
6108,S03AA02
6109,S03AA03
6110,S03AA04
6111,S03AA05
6112,S03AA06
6113,S03AA07
6114,S03AA08
6115,S03AA30
6116,S03B
6117,S03BA
6118,S03BA01
6119,S03BA02
6120,S03BA03
6121,S03C
6122,S03CA
6123,S03CA01
6124,S03CA02
6125,S03CA04
6126,S03CA05
6127,S03CA06
6128,V
6129,V01
6130,V01A
6131,V01AA
6132,V01AA01
6133,V01AA02
6134,V01AA03
6135,V01AA04
6136,V01AA05
6137,V01AA07
6138,V01AA08
6139,V01AA09
6140,V01AA10
6141,V01AA11
6142,V01AA20
6143,V03
6144,V03A
6145,V03AB
6146,V03AB01
6147,V03AB02
6148,V03AB03
6149,V03AB04
6150,V03AB05
6151,V03AB06
6152,V03AB08
6153,V03AB09
6154,V03AB13
6155,V03AB14
6156,V03AB15
6157,V03AB16
6158,V03AB17
6159,V03AB18
6160,V03AB19
6161,V03AB20
6162,V03AB21
6163,V03AB22
6164,V03AB23
6165,V03AB24
6166,V03AB25
6167,V03AB26
6168,V03AB27
6169,V03AB29
6170,V03AB31
6171,V03AB32
6172,V03AB33
6173,V03AB34
6174,V03AB35
6175,V03AB36
6176,V03AB37
6177,V03AB38
6178,V03AC
6179,V03AC01
6180,V03AC02
6181,V03AC03
6182,V03AE
6183,V03AE01
6184,V03AE02
6185,V03AE03
6186,V03AE04
6187,V03AE05
6188,V03AE06
6189,V03AE07
6190,V03AE08
6191,V03AE09
6192,V03AE10
6193,V03AF
6194,V03AF01
6195,V03AF02
6196,V03AF03
6197,V03AF04
6198,V03AF05
6199,V03AF06
6200,V03AF07
6201,V03AF08
6202,V03AF09
6203,V03AF10
6204,V03AF11
6205,V03AF12
6206,V03AG
6207,V03AG01
6208,V03AG05
6209,V03AH
6210,V03AH01
6211,V03AK
6212,V03AM
6213,V03AN
6214,V03AN01
6215,V03AN02
6216,V03AN03
6217,V03AN04
6218,V03AN05
6219,V03AX
6220,V03AX02
6221,V03AX03
6222,V03AX04
6223,V03AZ
6224,V03AZ01
6225,V04
6226,V04C
6227,V04CA
6228,V04CA01
6229,V04CA02
6230,V04CB
6231,V04CB01
6232,V04CC
6233,V04CC01
6234,V04CC02
6235,V04CC03
6236,V04CC04
6237,V04CD
6238,V04CD01
6239,V04CD03
6240,V04CD04
6241,V04CD05
6242,V04CD06
6243,V04CE
6244,V04CE01
6245,V04CE02
6246,V04CE03
6247,V04CF
6248,V04CF01
6249,V04CG
6250,V04CG01
6251,V04CG02
6252,V04CG03
6253,V04CG04
6254,V04CG05
6255,V04CG30
6256,V04CH
6257,V04CH01
6258,V04CH02
6259,V04CH03
6260,V04CH04
6261,V04CH30
6262,V04CJ
6263,V04CJ01
6264,V04CJ02
6265,V04CK
6266,V04CK01
6267,V04CK02
6268,V04CK03
6269,V04CL
6270,V04CM
6271,V04CM01
6272,V04CX
6273,V04CX01
6274,V04CX02
6275,V04CX03
6276,V04CX04
6277,V04CX05
6278,V04CX06
6279,V04CX07
6280,V04CX08
6281,V04CX09
6282,V06
6283,V06A
6284,V06AA
6285,V06C
6286,V06CA
6287,V06D
6288,V06DA
6289,V06DB
6290,V06DC
6291,V06DC01
6292,V06DC02
6293,V06DD
6294,V06DE
6295,V06DF
6296,V06DX
6297,V07
6298,V07A
6299,V07AA
6300,V07AB
6301,V07AC
6302,V07AD
6303,V07AN
6304,V07AR
6305,V07AS
6306,V07AT
6307,V07AV
6308,V07AX
6309,V07AY
6310,V07AZ
6311,V08
6312,V08A
6313,V08AA
6314,V08AA01
6315,V08AA02
6316,V08AA03
6317,V08AA04
6318,V08AA05
6319,V08AA06
6320,V08AA07
6321,V08AA08
6322,V08AA09
6323,V08AA10
6324,V08AB
6325,V08AB01
6326,V08AB02
6327,V08AB03
6328,V08AB04
6329,V08AB05
6330,V08AB06
6331,V08AB07
6332,V08AB08
6333,V08AB09
6334,V08AB10
6335,V08AB11
6336,V08AB12
6337,V08AC
6338,V08AC01
6339,V08AC02
6340,V08AC03
6341,V08AC04
6342,V08AC05
6343,V08AC06
6344,V08AC07
6345,V08AC08
6346,V08AC09
6347,V08AC10
6348,V08AD
6349,V08AD01
6350,V08AD02
6351,V08AD03
6352,V08AD04
6353,V08B
6354,V08BA
6355,V08BA01
6356,V08BA02
6357,V08C
6358,V08CA
6359,V08CA01
6360,V08CA02
6361,V08CA03
6362,V08CA04
6363,V08CA05
6364,V08CA06
6365,V08CA07
6366,V08CA08
6367,V08CA09
6368,V08CA10
6369,V08CA11
6370,V08CB
6371,V08CB01
6372,V08CB02
6373,V08CB03
6374,V08CX
6375,V08CX01
6376,V08D
6377,V08DA
6378,V08DA01
6379,V08DA02
6380,V08DA03
6381,V08DA04
6382,V08DA05
6383,V08DA06
6384,V09
6385,V09A
6386,V09AA
6387,V09AA01
6388,V09AA02
6389,V09AB
6390,V09AB01
6391,V09AB02
6392,V09AB03
6393,V09AX
6394,V09AX01
6395,V09AX03
6396,V09AX04
6397,V09AX05
6398,V09AX06
6399,V09B
6400,V09BA
6401,V09BA01
6402,V09BA02
6403,V09BA03
6404,V09BA04
6405,V09C
6406,V09CA
6407,V09CA01
6408,V09CA02
6409,V09CA03
6410,V09CA04
6411,V09CA05
6412,V09CA06
6413,V09CX
6414,V09CX01
6415,V09CX02
6416,V09CX03
6417,V09CX04
6418,V09D
6419,V09DA
6420,V09DA01
6421,V09DA02
6422,V09DA03
6423,V09DA04
6424,V09DA05
6425,V09DB
6426,V09DB01
6427,V09DB02
6428,V09DB03
6429,V09DB04
6430,V09DB05
6431,V09DB06
6432,V09DB07
6433,V09DX
6434,V09DX01
6435,V09E
6436,V09EA
6437,V09EA01
6438,V09EA02
6439,V09EA03
6440,V09EB
6441,V09EB01
6442,V09EB02
6443,V09EX
6444,V09EX01
6445,V09EX02
6446,V09EX03
6447,V09F
6448,V09FX
6449,V09FX01
6450,V09FX02
6451,V09FX03
6452,V09FX04
6453,V09G
6454,V09GA
6455,V09GA01
6456,V09GA02
6457,V09GA03
6458,V09GA04
6459,V09GA05
6460,V09GA06
6461,V09GA07
6462,V09GB
6463,V09GB01
6464,V09GB02
6465,V09GX
6466,V09GX01
6467,V09GX02
6468,V09GX03
6469,V09GX04
6470,V09GX05
6471,V09H
6472,V09HA
6473,V09HA01
6474,V09HA02
6475,V09HA03
6476,V09HA04
6477,V09HB
6478,V09HB01
6479,V09HB02
6480,V09HX
6481,V09HX01
6482,V09I
6483,V09IA
6484,V09IA01
6485,V09IA02
6486,V09IA03
6487,V09IA04
6488,V09IA05
6489,V09IA06
6490,V09IA07
6491,V09IA08
6492,V09IA09
6493,V09IB
6494,V09IB01
6495,V09IB02
6496,V09IB03
6497,V09IB04
6498,V09IX
6499,V09IX01
6500,V09IX02
6501,V09IX03
6502,V09IX04
6503,V09IX05
6504,V09IX06
6505,V09IX07
6506,V09IX08
6507,V09IX09
6508,V09IX10
6509,V09IX11
6510,V09IX12
6511,V09IX13
6512,V09IX14
6513,V09X
6514,V09XA
6515,V09XA01
6516,V09XA02
6517,V09XA03
6518,V09XX
6519,V09XX01
6520,V09XX02
6521,V09XX03
6522,V09XX04
6523,V10
6524,V10A
6525,V10AA
6526,V10AA01
6527,V10AA02
6528,V10AA03
6529,V10AX
6530,V10AX01
6531,V10AX02
6532,V10AX03
6533,V10AX04
6534,V10AX05
6535,V10AX06
6536,V10B
6537,V10BX
6538,V10BX01
6539,V10BX02
6540,V10BX03
6541,V10X
6542,V10XA
6543,V10XA01
6544,V10XA02
6545,V10XA03
6546,V10XA53
6547,V10XX
6548,V10XX01
6549,V10XX02
6550,V10XX03
6551,V10XX04
