drug_idx,ingredient_rx_cui
488,3653612
2497,3653607
4392,3653797
972,3653022
1742,3653761
1743,3653761
1744,4519428
2617,3886460
3906,3653050
2498,3653142
2499,3653176
4393,3652819
1760,3652819
5349,2825599
1732,1831828
88,1451341
2673,3541393
3238,3653444
3239,6972
3240,5227847
3241,21978
661,21978
2584,21978
662,21978
663,21978
5078,22614
4322,15131
664,51482
1878,33439
1879,524684
4110,524684
4117,126367
4097,19134
4111,19134
4098,19134
4112,3652535
4113,3653903
4102,358516
4118,3653345
4095,3653658
4109,40277
4114,3653529
4101,3653530
4120,3653482
4093,3653593
4115,22086
4100,3295
4119,293359
4094,293359
2679,293359
2680,123677
2681,123677
2682,1313386
2683,795635
4498,795635
3308,795635
1580,795635
5351,795635
1413,304866
2658,304866
5035,304866
5312,304866
5193,770206
1581,770206
5184,770206
4824,770206
1740,771966
1582,754280
5182,164398
5316,1721339
5361,3652943
4945,3652822
1583,9011
5350,3653570
3781,3653357
1325,3653655
3546,3653866
5317,3653923
4430,8168
5191,8168
4944,8168
1584,8168
4809,8168
1322,8168
2713,8168
2714,16875
1585,16875
1323,16875
5195,16875
1586,3854019
1107,3854019
2715,3854019
2716,3854019
2717,3854019
4844,27603
4845,27603
4846,27603
4669,27603
1405,27603
4670,27603
4671,27603
4122,27603
4123,27603
1458,4599
4124,4599
4125,4599
4126,1271607
3652,60787
4127,41499
2615,41499
4472,41499
4128,85259
4129,85259
4130,857937
2899,25326
2900,18062
2901,3653716
2902,54084
2903,1452002
2904,41041
2905,10980
2906,10980
2907,144098
466,8996
5068,3653594
3999,6711
5069,6699
5070,6699
5071,61347
5072,108121
5073,6681
2174,6681
5074,6686
5075,6686
3962,6686
4737,771535
4738,3652667
841,3652644
493,76513
27,33229
28,50458
1441,40979
29,58518
30,31184
2041,16368
2042,6481
2043,39936
2044,3653227
5346,35527
5172,35527
34,4541993
4437,4541383
1776,3713860
1741,66522
4374,72980
4375,72980
4376,3652984
4377,10648
5097,10648
1112,3652516
1642,3652517
990,38627
572,3653992
5098,30557
933,68006
865,2260
2458,2260
934,813205
868,30864
5126,304961
935,3652570
863,3652620
936,1273019
864,3653714
937,3653718
2459,3653900
2460,28157
2461,28157
2462,28157
2463,28157
2464,28157
2465,28157
3722,129975
1883,77906
3723,2191
1170,3641
5241,3653885
1152,20196
3724,20196
1171,20196
5245,20196
3576,603520
1153,63242
1466,3653371
3725,3653422
1884,3542951
1885,31463
1886,31463
1332,2986924
1887,30078
1888,30078
1889,30078
1890,66774
4881,66774
3112,650237
3113,650237
3114,64324
3115,1176020
3116,1831796
3117,1516119
3398,2980094
2444,1121849
2445,3181682
2446,2351398
1225,2827093
1226,7072
1227,66332
1228,68483
1229,68483
1230,68483
1231,60206
1232,86073
3493,86073
3806,86073
5121,86073
5122,86073
4254,62923
3755,731033
4755,86444
3871,294
1084,294
1085,937932
1622,3273487
1086,15020
1087,2342719
1088,7727
1089,11892
1090,772241
1091,65152
1634,3536876
1092,25605
4970,6405
1661,6405
3772,3653776
1594,3653715
4979,1506770
5192,4519167
3773,2713008
4978,3654040
3774,3653559
1410,3652959
4972,3652979
2973,939232
2974,1276807
5230,358708
3878,3652888
2975,3700404
2976,2927178
2977,3653283
2978,3653283
2979,3652880
2980,142931
2981,54094
603,961209
604,6968
4527,3653882
4528,304317
4529,304319
4530,26458
2333,304320
2334,361823
2335,3871424
2336,3653956
2553,3653951
2554,3540035
2555,3652996
2556,3652525
2557,3653827
2558,3653313
17,3273719
1452,768401
72,64088
4390,64088
4391,66101
1470,3652684
1106,3652669
5165,65972
1771,41031
5313,33405
1316,33405
1108,39865
1109,3652811
1179,3652429
1110,8293
3982,8293
1429,8293
5091,8293
1111,13090
2124,13090
1113,26187
5194,26187
1739,26187
1157,7077
1134,36442
1158,36442
1238,36442
5237,33473
1145,77073
374,25627
1159,8221
5254,6226
1450,14987
1143,3540006
1160,14963
5258,40209
1141,45212
1161,3713958
5253,971023
5235,1453933
1167,3653974
1142,10927
386,26236
1162,76080
5259,31965
1140,80719
1163,2698706
5257,2563
1146,379149
3823,1134467
3824,1130428
1318,3653894
5330,3653889
1621,22322
682,22322
3282,3539108
5104,3540012
339,3653361
1319,3653749
3268,3653749
5329,3653584
5105,3653282
1320,3653282
3269,3653359
3825,3653533
3826,3541942
3827,3653532
3036,3653914
3037,3653914
3038,76032
3039,3653915
3040,31862
3041,25270
4909,3653330
4910,3653413
4911,360105
218,3814772
2718,3653409
2719,62648
467,62648
2720,62648
2721,62648
854,62648
911,771650
855,700580
3435,700580
507,42839
856,42839
922,42839
3664,42839
857,3652641
960,4316785
1191,16673
1251,16673
1192,16673
1247,642440
1193,642440
1252,14479
1194,14479
1253,14479
1195,14479
1249,14479
1196,30071
1250,30071
1197,30071
2685,30071
1248,78643
1198,78643
4185,78643
4186,31469
5136,31469
4187,31469
4188,31469
5141,31469
4189,31469
4190,76286
4191,76286
4504,76286
4505,27373
4506,27373
4507,27373
2616,54480
4471,3652564
1971,23660
1972,23660
3257,23660
5347,23660
5348,23660
658,23660
676,23660
659,9170
660,9170
5239,9170
1148,9170
1385,58831
1805,58831
4790,23754
4807,25729
4808,3652539
4255,3653004
1593,3652892
4974,23570
2656,3653005
5196,64871
1595,3653003
4980,4542193
1596,4542192
5353,3652883
4975,3652841
3787,2713522
5319,3653639
5190,937609
4256,3653677
2211,3653638
2212,3653225
2213,3653640
2214,1268876
2215,3653769
2216,524639
2217,3539984
4632,3541960
4633,3653783
2952,40377
2953,40377
2954,68738
4137,68738
3754,28193
4290,50403
4291,50403
4292,37114
4293,772505
4457,772505
1832,71129
3810,71129
4439,40846
1341,40846
4225,1927
4226,1927
4458,39542
1662,39542
3716,19476
3717,19476
3718,22176
5094,22176
1606,15840
1599,15840
1607,15840
1601,35633
4313,57258
4314,140594
4315,140594
4714,44955
690,10137
1419,10137
5151,56396
5144,65967
1545,55936
1515,4519300
505,1832021
1880,936148
3918,64113
3919,2615
3920,2615
3921,3652652
5016,3158
3922,3416
5017,3652653
3923,72155
3924,6020
3925,102834
1435,77015
1427,77015
691,68366
1480,874047
5344,3653122
4200,3653122
5148,3653840
5140,3653840
3800,3539957
3570,3541402
1556,3653966
3639,3653968
1564,3653423
1565,3653973
1566,3653965
468,3654006
469,3654005
3775,3654007
3776,3653970
2668,3653969
1763,3653972
1314,3653971
3777,3539177
3540,3539177
2660,3652960
4516,3653884
3778,4482908
1686,2744850
3779,1620287
5352,30092
1448,30092
1790,30092
3780,30092
5166,11276
1768,11276
5354,39644
1302,39644
1730,39644
5314,39644
4436,39644
3782,39644
4515,3653308
1711,3653575
2649,3653578
5355,1145760
3558,3653577
2655,3653576
2293,3871462
2260,3640212
2261,4288415
2262,4301614
2263,3540732
4466,218640
4446,1136535
4145,538777
4467,31681
4443,70895
2982,17845
3984,25840
2955,72736
2273,3540740
2274,3653895
4468,3653689
2275,3653642
2276,3653706
2277,3653744
1745,3653744
3621,3653768
3622,3653768
3623,3653793
3624,3713057
3625,1098510
3626,11602
3627,57257
3555,24730
3628,24730
3629,24730
3556,24730
3557,24730
2743,1655
2744,10192
2286,41942
2745,41942
2758,65002
2746,205997
428,3652660
2747,76723
2760,3652677
429,1321948
2748,3653792
430,41086
431,41086
5311,25684
5362,25684
1469,916062
4160,216278
278,61450
279,3652486
280,16351
281,16351
282,16351
283,16351
284,16351
285,16351
286,12022
673,12022
3563,2604598
3564,4688584
3565,3884837
3566,2698220
3567,25643
2065,40976
2066,12093
2067,3272698
2068,2934004
3889,5418443
3890,22265
3891,22265
3892,20268
3968,20268
3969,20268
3970,20268
4358,20268
3971,20268
3406,20268
3407,20268
3408,20268
3409,3653790
3410,1960121
3411,165032
645,75770
646,3653416
647,3652902
648,3653226
3237,58677
4325,665
4326,665
4327,665
4328,665
4329,2679
4330,2679
4331,2679
4332,2679
5305,71626
5306,71626
5307,20281
5308,20281
5309,20281
1261,20281
1262,8196
4653,8196
4654,8196
4655,8196
4656,8196
4657,8196
4658,8196
4659,8196
4660,21081
843,21081
844,25942
845,25942
846,25942
847,25942
848,25942
849,25942
850,3652820
851,11259
1840,3896936
1841,754011
1842,1455035
1843,965390
1844,37494
1845,37494
1846,37494
260,74722
1847,74722
261,4519269
1848,3653746
1849,3653746
1850,3179470
1851,4329353
4011,3496793
4012,3653231
4013,16384
4014,285590
4015,68771
4016,57232
4017,3652749
4018,3652750
4019,3652452
3129,3652898
3130,717419
1386,3652727
1387,677814
1388,75470
1389,2928684
1390,3871444
5088,70975
1391,38681
4689,14912
1392,15011
1393,15011
432,14942
2381,14942
2778,8275
2806,3653094
2779,14927
2817,14927
2780,3653096
2816,72151
41,3652845
42,3652864
43,3652442
44,3652442
45,3653942
46,3653942
47,3653942
48,3653825
49,3653733
908,3653738
909,3652870
910,3653465
2917,358123
2918,3700411
912,65374
913,14025
2919,6938
914,53091
1442,72857
5127,72973
873,136123
4355,118168
4356,55723
4357,3653391
4138,3652887
3494,3653457
3495,3653460
3496,3653342
1271,772076
1272,349918
1273,3536914
1274,50461
3472,2744960
3473,3653425
3474,771000
3475,33509
3476,3654011
3477,361921
3478,22029
687,3653906
217,8024
688,55568
442,42105
689,1143018
438,2194201
1668,3652836
1725,717929
3926,717929
1669,3652738
1670,211011
1678,25688
3807,72022
2079,17592
2080,3653500
2081,1874328
3531,1874328
3532,60583
3533,30512
3534,78240
3535,1612882
3440,30899
3441,43319
4257,70313
3442,3653848
3443,3653848
3444,3653848
3445,3653722
483,3653645
484,4519188
485,4086553
4618,4310578
4619,3179929
1572,1328071
4531,937950
1815,14822
1913,3653461
1816,4519730
1817,3653862
1818,25631
1819,673966
692,981
5321,165590
1481,12086
5345,3540013
4197,4550163
1555,2982078
5147,3540010
5145,3540010
3571,3540010
1129,5203371
650,3653437
651,4759132
652,2079437
653,358905
654,3652710
433,2079438
4052,3652489
4053,717871
4054,3652707
4055,5577421
4056,3653850
4057,5577422
1812,5575228
4058,1443775
3298,69632
3299,15707
3300,62619
4059,4234
4060,114872
3301,206049
3302,30310
4149,242531
4150,16971
4444,3653510
4155,3653307
3817,460977
4445,3653509
4151,5577417
4484,3653302
4152,3653555
4153,3653563
4470,3652781
1809,3653478
1456,718096
3819,10164
4154,3653598
4156,3653846
4157,3653739
3939,2960912
3940,3264599
3941,3652723
1397,3535926
1398,2356045
1003,3700400
1004,3848705
2118,3871467
2466,3871441
2119,3652574
2120,25242
2121,3653242
2122,9214
2123,28426
980,69008
981,15109
4177,15109
5227,20264
5228,3653224
5229,11816
5231,70742
3726,603972
5232,2742503
3720,23566
818,23566
819,24321
2579,24321
1891,28356
3727,28356
2590,3539189
2591,5577407
2592,3660206
2593,5577406
3508,3653835
3509,3652933
3510,1869889
3511,936150
2433,3652932
2434,5577408
2435,3652931
2436,3652803
2437,59865
730,65166
1764,3541395
243,38792
244,2000088
245,123091
246,1937
247,54219
1829,24056
1830,12091
4334,12091
1831,12091
1833,12091
1834,3652754
1835,3652753
5132,2723449
1483,3653743
5341,3653743
696,3653741
5133,3653417
5134,3541380
1513,3653115
5135,3653983
1504,3653982
5137,4279595
3653,2350948
4867,74493
4868,3653200
4869,3653181
4870,3652607
4871,3653146
1275,4519126
2724,5238205
2725,4505936
2726,4694272
3218,4694273
5033,4549503
4644,4542165
4645,12373
4646,12373
4647,22252
4648,22252
4649,17887
5187,17887
1587,3653937
5356,3653502
3552,770246
1,150589
3273,18242
686,18242
5102,1562019
1567,5139863
1295,76110
3274,76110
3275,3652860
2998,63829
4570,296806
4571,63810
4572,361987
4573,180108
4574,52657
4575,163748
4576,70203
4577,22499
4578,728803
4579,361904
1862,63384
1863,54547
4760,54547
4775,120436
4761,770438
4762,12228
4763,5011
4764,3653039
4765,3653025
3368,3653034
1718,3654017
3369,3653322
342,35629
343,77379
344,77379
345,43474
346,3653535
347,3541356
348,25746
4402,25746
4403,30859
2155,62740
3942,5321
3943,7445
3944,3653439
3945,3540788
3946,3653429
3947,32950
3948,32950
3949,32950
3950,32950
1696,32950
1697,32950
3803,32950
1698,32950
1699,32950
2642,32950
3804,121780
1700,77410
4508,35976
1701,12498
2645,771957
1702,3653241
1703,40372
2637,350998
434,17642
3133,7080
3134,17628
435,40374
3135,40374
3136,8287
3137,58426
3138,220780
3139,42291
3140,17631
3141,61328
3765,48044
1138,72076
5292,536004
1211,381600
376,126774
4383,126774
4597,126774
3766,142825
3460,24472
4270,24472
3767,126777
4389,24480
3768,24480
1265,24480
3769,24480
1641,24480
1544,543448
1506,614721
3559,717900
3560,5139798
2667,5556517
37,5418318
3561,3652790
3562,3652793
87,3652826
2672,3652616
403,3652531
404,2930789
738,3652643
2697,3652523
5167,3652624
5168,3652568
5169,3652483
5170,30817
1402,73917
5171,3542964
5173,3542964
1345,3652612
1346,40615
1347,20592
1929,40616
1348,3653859
1349,304475
1350,304475
1351,41190
1352,10582
1931,62922
5086,301374
1353,301374
5093,4259
1788,4259
1213,3653585
1214,3653573
1215,3541389
3681,8296
5328,8223
3439,3653736
5331,3653523
1619,677829
685,1614557
3285,2343853
5103,529351
118,4301611
3375,2983812
119,3540702
120,3653408
121,3653803
3376,3653804
3377,3653802
3378,3653855
3527,3653291
3379,83183
3380,2712
1671,30909
3646,3652678
1517,26698
1518,15314
1519,4080091
1070,4287815
1071,2974289
1629,3853921
1072,3818721
1628,3652751
1073,3653517
1074,3540048
1631,37129
1075,4542174
1076,4059161
4540,3700397
4541,5432212
4542,5227836
4543,21234
2788,16410
2789,16410
2790,600370
2791,732290
2773,1327841
2792,13615
2793,3540796
2794,16298
2772,16298
2795,16298
2777,16298
2796,772364
638,11705
1915,11705
2930,360534
3259,360534
639,3652565
887,54483
2931,3540005
2932,66005
2933,1120106
2934,389169
3260,209475
2935,2699902
3258,3653218
1704,10560
2639,9008
2107,14561
2108,72171
1958,3652613
2109,140575
2039,73372
4740,14405
2547,10590
2548,35608
2549,73371
2550,73371
2551,73371
1014,73371
4250,73371
4251,32911
4252,33218
57,33218
4253,33218
58,3653186
4415,3871439
4416,3541404
4417,3653104
4418,4542178
4419,6462
4420,4058848
3323,4059166
22,4032879
4421,4059167
318,3871454
319,3883388
1603,3871446
3833,3854896
3834,939237
1276,2929688
1277,3540698
1278,3540799
3446,12547
3447,12547
3448,3652536
3449,39615
4550,3652631
4551,6044
4552,3652538
4553,3653211
4554,3539954
4555,3653202
4556,18100
4557,18100
224,3653497
225,3540755
226,358430
227,766326
228,76034
229,82966
230,114771
231,6378
232,6168
1420,2598
4172,15491
4173,3653569
4174,15528
3079,4740904
5299,5400718
3080,1615657
3081,1739462
76,718043
77,1695579
1782,1137427
1783,1302054
1737,291140
3370,962517
1784,102139
1785,3273754
1786,1956280
667,243237
3270,53570
1317,69488
1787,69488
2628,26156
1852,16277
1855,16277
1856,74391
1857,74391
1858,767000
1944,172907
1945,172907
693,14758
5322,106291
1487,42665
1553,64079
1182,28277
5342,40805
4192,68485
5150,66561
5143,578
3575,41249
1131,25912
1946,14563
1947,14563
1948,14563
1949,14563
1950,14563
1951,14563
1952,5244461
694,4057
1503,4057
5320,4057
1418,50876
5343,50876
4193,103049
5149,103049
5142,379135
1546,379135
3801,2137694
1128,2137694
695,68746
1484,50436
4194,50436
1554,50436
3250,68742
3251,54157
3252,54157
3253,54157
3254,5577418
3255,4078709
3256,3700393
2279,5577419
700,3652737
701,3653945
702,2845
703,3299
704,3299
705,4759125
706,3536923
5275,3536922
707,3536917
708,73085
2708,73085
1908,74727
1795,602838
1909,10303
5296,1714166
1910,22046
1911,22046
3846,3653278
1912,3536997
1940,637887
1789,77539
1914,32831
3142,32831
3143,32831
3245,18305
3144,3653845
3145,3653279
3146,3653519
3147,3391
3148,3653315
3149,5227832
2781,5227829
2782,5227830
2382,163025
3198,3420
3199,3420
2383,12050
2159,12050
1017,12050
1018,12050
1019,12050
2783,70455
2784,58056
2809,347993
2290,53618
2785,70585
2824,26549
2289,12306
2786,29112
1422,29112
1423,30049
1424,68699
309,3653081
3313,3539956
3314,3652966
3315,3652954
3872,3653002
3873,3539176
3874,54120
3875,12522
5270,12522
5271,8929
5272,8929
5273,58389
1813,55468
1853,55468
4440,13092
4661,54672
4662,1871526
4663,3253985
4664,2606637
4665,4310385
4666,3700407
4667,939230
4668,3652735
4459,3652911
4460,3652911
4069,2604206
4070,1170003
4071,1630394
4072,1630394
4073,717762
4074,717762
4075,3653910
4076,5432206
4672,31448
4673,31448
4674,39925
4675,39925
4715,40373
1600,40373
4404,3652551
2495,19217
2496,10552
4405,19469
4406,19469
4407,25668
4408,25668
1020,3653288
561,3539947
562,60203
4936,60203
1592,1541591
5201,524959
2766,524959
2742,304982
4343,304982
4344,3539185
4345,3653772
807,3540700
808,3653820
809,3652515
810,69717
811,79083
812,8838
888,208926
813,1142934
814,3539955
815,1739768
745,2975435
1001,1831808
582,650171
560,2698385
333,8241
334,3652499
335,3652566
336,1924
337,3652512
1895,20352
2727,86140
2728,25629
2729,34235
2730,384641
2731,209499
2751,1120110
2756,3653144
2752,3652859
2288,3653143
2757,3652921
2753,58721
2755,4542172
2754,5577441
2636,3653659
4598,3653558
1575,3653815
4510,1563714
4511,3540009
4512,3653192
4599,3653205
1212,3653207
3529,3653208
310,5227824
4851,4080453
311,4271578
2480,4518997
2481,4519575
2482,3858051
2483,3882783
2484,3864967
2485,51696
2486,15772
2487,71304
2488,28005
3450,28066
3451,28094
3452,28116
3453,28127
2684,64568
631,5088
2686,53332
2738,33511
3911,25830
2739,3653583
550,31923
551,31923
552,93437
553,17889
554,5574974
555,360736
556,55463
5287,40958
5109,40958
2372,3653257
5110,3652925
5111,19435
5112,70570
5113,70570
5114,70570
2504,70570
5115,137757
5116,137757
4007,3653687
4008,3541972
4009,3653654
4769,3653705
4770,3653574
4771,282247
4772,3652623
4617,4707396
1437,5308
1438,5308
2569,5308
1439,5308
1440,5308
4424,5308
4425,5308
4426,5308
4427,5308
10,5308
4696,5308
2338,3652582
1705,758542
2339,3652448
2763,3652647
3200,1100674
3201,3700391
3202,3555537
3203,11777
3204,11777
3205,11777
2340,11777
3206,11777
3207,11777
2051,11777
3898,11777
3973,11777
4600,11777
4601,11777
4602,16301
4603,16301
4513,16301
1694,16301
1916,18549
1917,8238
1918,40905
1919,14277
1920,63252
4340,22180
1921,74414
4722,4759133
4723,25859
4724,4147
4725,32896
1922,53532
1615,53799
680,946
5107,5320
3276,5320
1616,55021
684,116569
1617,3652742
1321,32838
681,32838
3278,31849
1618,31849
1620,33603
5106,27358
201,27358
202,1962
203,1962
204,1962
205,86728
206,3661282
207,2825616
208,2825616
209,1530072
2580,813171
4388,971637
2581,1880288
2582,245561
886,3541367
2583,57558
2585,47683
2586,393022
1324,48007
31,5555489
32,1832027
3168,1832027
3169,4033633
3170,4542171
3171,5209991
3172,28369
3173,25147
4301,25147
4302,25147
4303,25175
3174,25175
3175,25175
1638,72866
5080,3653102
4005,3653185
1639,3653077
1640,4542167
1643,41038
4003,59690
1644,70072
1672,3540037
1673,3540037
5123,3653938
1674,1176306
1675,2347566
1676,39663
1677,68333
1679,17302
2620,2934
1680,3653114
1681,3653173
1957,3652886
1959,3652844
1960,17725
1961,17725
1962,17725
1963,3537307
1964,4310440
1965,3540778
154,1664205
155,66807
156,39834
1539,3489682
1540,34239
1541,145184
1542,14964
3695,3653871
4792,3653871
4793,20554
4794,3542945
4795,2981308
4796,4279601
4797,3501981
521,2746078
4245,1958126
4246,1611934
4247,1570906
4248,1565750
632,3541403
668,3541403
3072,3652657
669,1276976
670,3652656
4103,3652509
4104,770689
4105,49289
4830,15502
4831,5432211
4346,4522081
615,3652792
616,982025
2609,982025
617,15506
618,3654047
4201,3264621
4202,3653636
2640,3652440
4514,3653116
1714,3653508
4203,2499
891,2499
5022,2499
4852,25826
4853,25826
4854,5227827
4855,3652687
1561,15888
5206,43606
4431,56732
4856,76341
5207,25379
4857,76456
4858,40382
1557,40382
4859,71968
1562,146011
4893,4609
4894,3653872
4895,3653872
4896,3653872
4897,3652983
3464,4316850
3465,3653817
3024,56686
3025,3540772
3026,3653999
2223,3653118
2224,85251
2225,59688
2226,33429
2227,16229
2228,65183
2229,4045824
2230,244404
2231,2346970
4558,963839
4559,7665
4560,1313616
2895,12145
2896,12145
2897,12203
2898,12203
4734,12203
2352,66078
2353,66078
2354,66834
2355,3541400
2356,3542960
2357,3539936
2358,5227826
2359,3541379
2005,3541379
2006,537894
2016,1120386
4676,1142738
3693,66805
4677,3653685
3694,1275
491,3653033
2812,3539181
1726,3653044
3909,3700410
1468,1143
3910,206788
3912,20789
2735,26259
3913,13089
3914,11015
3915,14582
3916,71126
3917,68314
4993,3653280
4378,3653823
4379,7158
4380,3653737
1095,3539173
1096,3653255
1097,3653223
2125,3653252
2126,3653273
1172,28735
1173,28735
3697,35661
1174,38148
1175,38148
1176,25503
1177,3652967
1178,3652978
2321,3653071
2322,3652956
3107,3653017
3108,3652900
388,3652798
3109,3652879
112,796392
2323,796392
2324,3653800
2325,387288
2326,1693912
2327,1531015
2328,1566537
2329,1134659
2674,1134659
3082,4550124
3083,4519646
5300,3653679
3974,721844
4244,721844
3975,3653325
1611,4224790
3976,2717174
3977,4291320
3978,132092
3979,25656
514,20306
515,60389
516,60389
517,50962
518,78792
519,32105
5268,5821
520,14792
1881,3653065
1882,3652853
4473,301508
3811,301508
3838,60696
1239,3652839
1207,243666
1240,2194257
1201,1259
1241,3653626
1202,3653876
1242,7710
1243,31977
1205,34295
1244,60394
1206,11064
3876,69772
3877,41920
5154,286263
5334,72732
5327,3489483
5155,59459
5339,3539962
5325,3852938
5156,40221
5340,1508759
5326,254211
5157,16278
5323,16278
5158,3885063
5159,48504
5160,1700695
5335,17817
5324,20316
5161,20316
5162,60234
5095,3653249
3089,3653250
3090,3652447
3091,5577410
3828,4079904
3092,3653861
3093,39629
3094,39629
3095,39629
1062,39629
1624,71810
1063,71810
1064,5059
1627,5059
1065,5059
1625,5059
1151,58202
1066,53114
1067,53114
1623,3539178
3637,1170013
3638,1532737
3399,3652806
113,3652805
114,3643658
115,3700394
1434,5227841
116,5227823
4347,5227839
4364,593802
4348,14930
4360,3540699
4798,9325
4349,9325
4350,75432
400,12403
401,12403
546,73999
547,215087
611,25405
612,60879
1505,53230
2808,60304
2810,74393
2811,51086
2291,8845
2562,70122
2563,43479
2564,16365
1436,3653833
85,3653833
18,3653833
563,3653763
564,3653763
565,1170000
566,872913
567,33621
568,85228
446,59873
2607,57610
569,57610
570,57610
571,57621
585,54409
586,6710
587,6710
588,111063
589,3540711
3665,3653819
892,74281
893,36079
875,36079
894,62106
895,3652694
896,57720
869,51736
1329,55711
2689,55711
3771,76793
2638,40379
84,3652651
2641,2369192
1717,1744278
2643,3652487
2644,244672
83,46056
3539,3640098
3466,2348690
619,3652645
620,9279
2761,8402
2491,3652899
2232,3652904
2233,3652895
2492,3652971
2493,358061
2494,3652812
136,3653745
137,3653745
634,3653515
138,5577412
139,5577409
140,3871468
635,3871456
141,3871457
158,3871436
3280,25029
159,4042342
3882,3652726
3883,70093
3884,30520
3885,9392
3886,21764
4175,21747
1973,3653473
1974,3653857
1975,22267
1976,3539191
2101,3540783
2102,2917337
2103,471863
2104,471863
2105,37556
2106,3652692
4428,63739
2571,71330
2572,3491971
2573,537270
2574,907402
3893,28156
3894,878309
3895,357059
3896,38795
3897,3653531
776,40108
1806,40108
4205,4969
1443,148398
1444,77144
3060,22625
3061,22625
757,22625
3062,22625
3063,4330903
3064,3652871
4163,53155
3065,75539
3066,38744
2928,38686
2929,38687
4518,38687
4519,38687
4520,38687
4521,38745
4522,38745
4523,38710
4524,38722
4525,38722
5255,38702
5288,38702
1451,53882
5256,55008
371,55006
3696,55000
3698,117881
3699,3653150
3700,3653206
3701,301379
3702,25386
3703,175159
3704,2199
4453,1645
4454,1645
4455,3539881
4461,15980
4456,21735
4475,21734
1608,254119
4710,699817
4711,164613
4712,244713
4713,4080052
2826,4080053
2827,5139680
2843,31968
2828,33459
3855,39943
1135,25497
1136,305062
1137,32949
5014,525079
5015,25033
5036,20823
5037,77375
5038,10583
5039,8163
5220,25241
5040,3652627
5041,3652461
5221,3652461
5042,3652655
5043,3653751
5044,3653751
5045,249289
5222,3652762
2999,291772
3000,22616
3001,650248
3793,3653554
3002,25616
3003,25616
3004,38149
3005,11185
3006,11185
3794,72862
4161,30072
323,25639
324,28355
213,29995
214,2645
325,608
326,48045
327,40613
3208,3652852
529,3653160
530,3653165
2736,3653829
2737,772051
3728,3652625
3729,4519232
3730,4082411
3731,4082411
3363,3709474
3427,1306772
3428,2699758
1873,134499
1874,3652542
1875,16343
1876,49065
1877,1611088
1727,284941
1728,3653187
3666,12772
3074,12772
3075,16778
3076,16360
3077,10711
897,1517282
898,4475
927,671970
899,45093
900,44401
901,3653360
1446,53526
902,6945
478,6945
764,6657
4604,6657
4333,6674
640,6674
641,8318
642,12319
301,44410
302,14695
303,11082
304,61964
305,61940
306,61990
307,5324
308,18318
1988,18318
1989,650263
1990,1145610
2007,74757
1991,74757
1992,74757
5117,74757
5293,3653936
5294,60657
5295,60657
5297,73076
3086,73076
5298,8932
5301,8932
621,52944
4079,77497
4280,77497
4281,54773
4080,54773
4282,3652834
4283,3653124
4081,3652910
4082,3652910
4284,3652910
4285,3652907
2500,3652907
402,3652907
2501,3653054
2502,3653054
2503,3653054
2241,3652912
2242,3652912
2243,3652896
2244,3652766
2245,3652909
2246,3652909
2247,3652909
2248,3652801
1558,3652953
1559,3652894
1560,3529928
4836,1260208
2091,4078701
2092,22516
3,4731850
4,70694
5,1451975
1431,4277781
3234,3653883
3235,55445
3236,55445
6,628458
1116,34282
1117,34282
19,175162
20,175162
21,175162
349,25625
4206,41090
4207,41090
4208,3652957
4209,3652817
4365,2928823
4366,39962
4367,3652675
4368,66033
4369,66033
4361,58517
4370,60276
4371,60276
4372,60277
2045,60277
2046,358865
2047,60275
2156,60281
2157,358514
2158,3653748
2160,3653748
2161,3653491
2162,2092
1245,2092
3630,3653767
655,3653767
3705,360048
3096,9924
1401,29904
1403,10608
1404,2502
1406,40869
4381,1302002
4486,1302086
683,63076
3847,33308
2451,45010
2452,17508
2453,17508
2454,1176309
3995,3273711
482,2001856
248,3304
249,3653335
250,3652683
251,3653089
252,1551
253,1551
254,3540795
255,3392
256,23556
1767,3653070
5175,3652789
1769,3652800
5176,3652721
1770,3652759
1022,3652760
1023,2335
3364,2335
1814,1302137
3392,3652743
3393,3652788
3394,3652795
3395,3652628
4955,3652796
5200,3652745
4956,3652799
4957,3653182
4958,68334
4959,28067
4960,28067
4961,3524
4146,17718
4476,5099
4147,5099
4148,5099
4051,5099
1358,5099
1359,52751
1360,52751
1361,69765
1362,69765
1363,54259
1364,1882489
1365,1882489
1366,3653405
1367,3653397
858,3653512
859,3653253
605,62068
3667,52752
3668,3653901
860,76660
861,1135132
5125,3652807
917,3652608
460,5740
3669,3653525
3670,2475
862,26234
903,28009
3671,27996
2541,27996
2542,354652
2543,770544
2544,28053
2545,28053
2546,50558
3122,215278
3123,54241
3124,402
3125,1875221
3126,3653398
4469,209210
4141,220578
2956,61851
2957,61863
2958,63322
2959,12344
4474,3652581
2030,3652649
2031,3652636
2032,3652619
2033,3652550
2034,5227846
2035,3871433
2036,4721945
5236,593516
363,666513
39,3539979
40,5227843
975,3652708
976,2926870
977,3653190
978,3653683
979,71123
835,20411
3166,56739
3167,5418449
2855,5238052
2856,3653183
2857,23610
2858,23610
2859,23610
2860,522260
2861,3653367
2505,3653753
2506,3653753
2249,3652882
4651,3652866
157,70561
2163,11785
2423,3653006
2361,66139
3084,5578
2429,41009
2430,142923
2431,15042
2432,33254
509,3541358
510,3653161
511,1145759
512,663733
513,1176315
2164,525005
2165,754188
2166,376637
2167,292818
2168,286738
2169,3653844
2170,3653844
2171,3540730
3719,3540730
4620,3540787
3721,3653358
1753,3653514
1754,3540718
1755,3653702
1756,3540714
1757,357659
1758,3653596
4953,3653720
4954,525227
1994,525227
1995,525227
1996,795712
1997,795712
3521,3652928
3522,30082
3387,301375
4166,33447
1445,134250
4167,25624
4168,77081
4169,301373
4170,3653933
3309,3653933
5152,13832
5153,1874716
3640,41175
3641,41175
3642,3653254
3643,3653254
3644,3541955
1577,3653740
1578,3542962
1579,5432214
3791,3652518
80,3652520
2647,3652521
4820,3652519
2948,717967
2949,3653368
2950,3653480
2951,3652780
2997,3652791
3007,3652791
4224,3700398
2111,3653678
2112,3653258
2113,604284
2114,771442
50,60183
2341,75870
2342,38665
2343,1507354
4756,175022
2344,533545
2764,536495
4757,536495
3907,527129
5083,753645
3908,753645
2052,287721
984,73704
985,379881
986,282386
987,282386
1164,59772
1165,59862
1166,71082
5261,38143
4228,11279
4229,60485
4230,64304
3577,32910
3578,2333
3579,142890
3580,142890
4438,32899
602,33216
1282,31013
4994,23665
4995,34414
714,37760
4996,1888
5180,3653742
4997,3653742
4998,10725
715,3652552
4999,25741
5000,17507
5001,10961
866,3653008
867,3652998
5130,3652952
929,3652741
870,3653236
871,3653591
921,3653272
86,3653230
2762,18880
3541,7012
3542,30054
5179,3536832
5318,28158
4822,3654042
5357,3653216
3543,3652443
4949,3652671
3544,3653298
5181,256552
2661,8803
3786,16295
1723,5301
3545,66803
2662,76092
1722,3652850
1905,57678
3547,3652930
4827,64164
5205,64164
3548,8466
4942,3653261
5198,3652958
3961,657562
3963,3652867
3964,3540709
3965,3541963
3966,3540043
3967,3653750
982,3653750
3281,12289
3283,28008
3284,14708
160,3652731
3286,1962523
3287,3700408
3288,3652748
161,3652755
162,2733369
4176,5227828
163,4059157
164,3652471
165,3652470
4690,732611
2699,3653463
2700,3652468
2701,3652468
183,75928
2838,100672
2839,3653934
2833,3653934
2840,3652964
2836,948
2841,1041
2831,360174
2842,27679
2844,27679
2845,22181
2837,301366
5018,31441
5019,3653775
2384,4079805
2385,956
2386,31444
2387,2933904
2388,31406
2389,43031
2390,2974540
3927,3490348
2391,15056
2392,55939
5020,5432216
3928,5432216
2507,3898565
2508,54598
2509,3852671
2510,4746084
2093,4682397
2094,80225
2095,71359
1118,4886
2096,244748
1119,23324
3799,32414
1120,81002
2097,164674
2098,24452
3417,37134
3418,38684
3419,38684
1531,22003
636,63827
637,38326
360,28113
4832,5661
4258,5661
3593,3652764
2172,3652955
3594,3653016
2173,77071
2175,3652868
4621,5432210
4622,72804
4623,356357
4624,163557
4625,2001572
1576,5235403
4626,73629
4745,209366
4746,2714632
4747,3653366
4748,3540791
4749,3539087
4750,357084
4751,60241
4752,772267
4753,3653925
1800,3652666
63,3652639
64,3652639
65,60236
66,3652688
67,3652690
8,3652621
9,3652484
788,3652450
789,5420928
2740,5418501
3856,4727016
3857,2987429
942,2934701
449,4519739
1328,3653824
2687,3653967
879,3653579
943,3652808
944,3540713
945,3540713
946,3871445
3858,3652838
3859,60190
947,3653154
878,52761
948,102840
2688,4730996
880,2374
3860,3539965
949,3653490
5128,69758
1327,3653831
881,3653410
950,3653498
1660,1684405
1663,3653754
1664,3653754
1665,1511537
1666,4079854
824,2698692
825,4049141
826,4055478
2634,2006101
531,3653035
532,3653038
533,360734
2455,358689
2456,3652436
2457,3653045
1408,3653048
1409,3653059
1411,3653043
5209,3653036
1412,72159
4951,72159
2665,57799
1414,57799
5188,376892
4964,3653082
2345,3652617
671,3653196
2603,41289
2604,3652962
2605,3653049
2606,3652752
3691,3652947
2608,52796
3050,52796
2610,26202
4171,73560
1953,58445
1954,60591
1955,907410
1956,3655918
5002,78794
1652,78794
716,149381
717,2064896
718,351000
719,3653341
720,3539982
721,71099
5274,55904
1024,54236
1025,2347007
1026,78811
1027,771169
5249,1880419
1028,1321984
1029,58425
1030,138305
5244,3540716
1155,3540716
1031,285260
2134,2825249
2135,3654034
2136,3653657
2137,59877
2138,70325
2139,77981
2140,75667
2141,21246
405,21246
406,21246
407,21246
408,108530
409,64007
410,132515
411,132515
412,31566
413,2316164
2769,3661315
2799,2744440
2770,1958300
2803,4042960
2805,5139725
2771,3653676
2802,3653675
2774,3653671
2801,527316
2775,649350
2797,3653907
2776,39245
5183,16967
4946,51691
5185,3653634
5030,3653294
5186,3653449
489,3542931
4499,3540752
4500,1257954
4501,32825
5100,32825
4502,164835
1655,72828
1485,77013
1550,68774
1486,142785
1488,162680
1489,211492
1552,76030
3289,3652587
1490,3652463
697,3652635
1491,3652475
1187,123043
3573,123043
1132,120726
1998,4301605
1999,18034
2000,37512
219,4320
220,18033
1300,104696
1301,29310
4462,3653762
4463,3653762
4464,76804
3177,66673
3655,247194
3178,2936870
3656,493823
3657,493823
3658,1722267
2278,208216
4448,78849
5021,299792
4449,753678
3659,3653623
4834,62941
4835,2350866
5210,3653747
4704,3653747
4837,3541376
4838,4731737
4839,3653080
4840,541155
4841,541315
4876,541315
2511,5401615
2512,3652831
2513,2980074
2514,2697961
2515,4049146
2516,3899947
490,77857
3420,114873
3059,21252
3421,77147
3422,32912
361,4542181
362,3653692
364,3653892
365,3541967
366,1718383
367,1678805
368,2742797
369,383429
370,4059170
699,1882138
4204,4044947
889,4278675
91,596004
92,909381
2712,3652929
3604,3653350
3605,3653320
3606,3653372
3607,25417
3608,3652532
3609,3652449
3610,39867
3611,3652534
3612,25397
3349,3653959
3350,3653547
3351,3653818
3352,3653539
3353,205996
3354,526513
3355,3653946
3581,1273022
3582,304999
4882,304984
4883,304987
4884,3653841
4492,3653810
436,3539192
108,3653343
109,3541405
110,3653379
111,3540790
4335,3652856
4336,3652837
4987,3652837
3328,46882
464,46882
268,3652706
269,546882
270,3653133
271,79691
272,3652875
273,3653865
274,3540034
275,3871448
276,3652990
2691,3543420
3044,3541359
2692,3541360
3049,3653538
2693,2936735
3470,65512
2694,3652426
2695,51515
2696,63105
827,5239395
828,2825682
829,25872
2069,25872
3985,25872
3986,25872
3987,25872
3988,1436328
3989,251504
4971,78839
4691,78847
4692,53217
4693,3652855
4641,2587204
4642,3272344
4643,1134535
3994,3700396
5077,305007
2632,3653083
1032,7257
1033,36637
3734,23972
3735,3652524
2142,38432
2143,3652720
2144,3652488
5336,27368
5337,27368
5163,15099
5338,1698893
5189,3653980
590,5139793
591,5139804
592,2745017
593,5139676
3261,3652606
447,3653085
448,3652906
450,3652906
451,30095
452,54670
453,57218
495,3653853
4038,36078
2909,69454
2910,127615
2911,20656
2912,52940
2913,3653627
2914,3539119
2915,3540028
184,39763
185,39763
186,3653293
187,2436
188,4499
189,76772
190,2680
1492,2680
35,32032
36,6976
3179,30812
3180,54667
3181,52865
3182,59424
3183,59868
3184,31990
3185,31990
3186,31990
3187,877860
3829,6351
1303,6351
1748,3653609
4435,5577415
1738,3653604
3830,3653629
1304,3653292
1305,30576
1761,32535
2671,32535
1306,32535
143,32535
144,32535
145,38425
146,38425
147,27444
148,27444
5076,27444
149,27444
5079,27444
4307,28741
150,28741
5081,28741
1573,11145
2627,42313
4842,42313
1535,42313
1121,22487
1184,22487
4199,22487
5146,1318649
698,961965
1547,5304
1512,87163
3802,17797
1122,36002
1188,3653953
1123,6400
1189,25384
1536,33124
1537,1142985
1538,15120
1330,1608295
1331,73571
1333,3652730
1334,3652472
1335,3652699
1336,11824
1933,33215
5084,76648
1337,3653474
1338,3540701
522,3653630
523,3653947
3033,35923
3085,35923
1526,1319755
1527,3653374
1528,1721102
1529,21403
1530,3543421
2199,3653472
5082,32374
2200,34496
1467,25010
2201,26782
3396,3653276
3397,3653274
4096,3653275
3220,1329978
3221,3653385
3222,3540011
3223,3653386
3224,3654031
1759,3652733
4937,1875129
4938,1875129
4939,3652786
4940,3652786
4941,3652784
1551,3652784
1183,3652775
1497,3652779
1126,3652774
2991,3652774
3027,27324
2992,16267
2993,1367202
2994,2973446
2995,4722567
2996,3853839
2870,279218
2871,1533699
2872,1831854
2873,281351
2874,1832049
2875,2987603
2876,9077
2221,142805
2877,26256
2878,71568
3329,52416
3330,717670
3331,63744
3332,21971
3333,650160
3334,3653113
3335,63803
3336,3653107
3337,3653107
3338,3653157
4731,3652638
4847,37524
4848,3653589
4849,3653939
1605,3653939
4259,3653939
68,3653204
69,3653195
4260,3653201
3690,3653544
4261,3653306
4262,3653381
4263,3652993
3028,3653387
3029,63584
3030,55710
3031,3540027
3032,3266849
752,3540801
753,3653887
129,33567
754,3871431
2618,284559
1473,3871443
5174,63041
1779,962603
1315,4726677
1734,3886763
2619,1562036
2621,163272
2622,286079
2623,164815
2624,164815
3788,249458
3518,3652502
3519,3652503
5060,3653856
5061,3652500
5062,3652504
5063,3652444
5064,3652485
5065,3652507
5066,3652505
3412,3652501
3413,30123
4973,903411
4976,2641
4977,8269
1729,33126
1731,20336
1749,12191
1312,31957
2657,3653912
4517,3653296
1724,3540705
2659,1690432
2663,4519745
3792,3653979
1720,39601
2566,3653169
2664,3653159
414,20740
415,20740
416,20740
417,20740
3583,20740
3584,60156
3585,15837
3586,38878
3587,53111
3588,3652833
3589,3652885
3590,22635
2315,22635
2316,27396
2317,27396
2318,27396
2319,3652827
2179,16377
2320,16377
3119,16377
3120,16377
3121,71152
5101,3653418
1181,3653447
1493,3653373
1127,3653369
1185,3653976
1495,3653560
3572,3653243
1130,3653266
1186,3653233
1133,3653430
1656,3539187
1657,3540020
3492,75541
1762,3653988
2670,3653172
89,3653131
1311,3652842
790,3653764
1977,3653764
674,3501358
3568,3653587
3763,4683810
1588,4078312
1589,286402
3550,65841
1590,38670
1591,38670
1507,8947
1548,8947
3764,8947
3996,14806
3997,14806
3998,14806
4000,3653686
4001,3653877
1051,28096
4002,59699
1052,971579
1053,1176316
1054,529793
1055,30350
1056,30350
1635,3596
4912,3596
4913,724441
4914,279175
4915,3654004
4916,3654004
4877,40125
4917,379955
1508,3652654
4918,209389
4919,2959379
1532,3539976
2001,3652881
126,2334
127,31937
4131,30040
731,33497
294,37707
295,40233
296,40233
297,65180
298,85173
299,85170
300,22642
398,22642
1821,57763
1822,65834
1823,52762
372,52762
1824,52762
1825,54340
4221,3540759
2818,2744325
2819,2718773
2820,1609165
2821,1608841
2822,2343589
5240,245109
1156,676831
2823,663182
5242,525082
5243,54015
5246,68700
1154,55739
5247,55892
1150,26400
771,58961
4773,12367
4774,40779
4776,2193892
4777,2193892
4778,717761
93,717761
4779,717761
584,3652787
573,3652787
574,1260235
575,1260235
576,1112096
577,1112096
578,2936902
579,40341
580,40341
581,30827
1471,30827
1472,262967
1474,3653046
1751,20197
1475,2928889
1476,8742
915,8742
916,41236
3831,41236
2022,12227
3110,12227
1233,16374
3111,360537
1234,11707
1235,11707
1236,3539963
1237,16299
3303,16299
4850,54201
3808,54201
3809,54201
3812,54201
3813,3652579
3814,3652583
3815,3652622
4144,42523
3816,16986
3837,69351
1810,3540766
4442,3542961
4264,51080
4265,24337
4266,301556
4267,72896
4268,3652633
4487,24778
3429,3652662
3430,304541
3431,3540749
3432,3540747
3972,51252
465,3653316
486,4547776
3248,33631
3249,29983
2983,3542465
2984,3542465
2985,21027
2986,3653561
2987,3539972
2988,3539975
2989,2348596
2990,38706
4532,38706
4533,3652508
4534,38693
4535,38685
4536,75510
4537,38683
4538,38676
4539,4548369
2923,30896
2924,3993
2925,19453
2926,2699
2927,65175
1005,20402
1006,3653909
1007,3653780
1008,3653644
1009,3653648
1010,3653651
1011,3653286
1012,3653588
1013,3653582
4741,3653812
4742,3653571
4020,3653562
2749,3653240
2750,673470
3991,3653235
3242,3653268
3243,3540729
3101,3540729
3244,28403
3246,60180
4493,26078
4494,58702
4495,82689
4496,58204
4497,33051
4162,25681
3797,25380
4116,3541406
2,3542950
3219,3653927
1449,3653978
4720,3540789
4843,3540042
506,3653875
1459,3540727
4705,3540707
2722,64906
820,54086
821,356622
4132,3653656
4133,3542459
4134,60819
2908,68788
524,3653843
525,3653843
5289,75614
3479,50521
526,33321
527,17226
528,658922
5310,106556
1417,38633
4195,31978
1482,6979
1199,3653928
1200,1532485
1203,4300785
1204,4301631
1246,4301630
1208,4301625
964,5563936
2525,1169987
965,3653101
966,3652428
967,3542963
968,3540041
969,3653464
970,3654012
70,3541407
5023,3539179
4780,3540044
2467,3540040
2468,3540708
2469,3541355
2470,3540797
2471,108941
2472,7714
2473,55013
2474,3195420
2475,1744619
5219,1744619
5223,3653932
5057,3653078
5224,76295
5315,57233
5053,56849
5360,56836
5225,3653110
5056,3540717
5226,3653121
5055,2052681
5359,53067
1892,3540754
1893,3539172
1894,3654026
2378,2698291
2379,386393
2380,126174
649,216784
1255,287041
1210,662811
382,288171
1256,248719
1209,717550
1257,6230
4139,6230
4140,107994
4142,107994
4143,23863
3316,23863
3317,25641
3097,256089
548,58446
549,3653193
5124,3653215
5129,3653197
919,21990
5131,3653897
877,3653426
3365,3653340
2920,3653339
2921,3653351
2922,3653396
918,3653394
1296,3653395
1297,1997166
1298,3540800
1299,3653441
4316,3653331
4317,3653332
4318,3653770
4319,724326
4320,724325
4321,1443768
2050,3653129
4323,3653516
4872,3405
4873,3653540
4874,2932
4875,2771
5280,4542180
5281,1720918
5282,3464497
5283,301333
5284,301336
5285,30125
5034,3968
3981,3968
1568,3968
1569,3653615
1570,3653455
5216,3539995
4629,3653603
1571,243449
5215,2348186
4627,3653055
1574,3652773
973,3653613
974,3653613
3783,4519734
3784,5448040
1713,5238146
2648,3653138
3785,3652908
3789,3652908
3790,3652973
1752,3653136
3433,60196
352,55938
3434,21186
353,43355
354,3652872
355,73633
487,257190
2349,41037
2350,51027
2351,145975
4733,1443
2732,4759126
492,3501765
3631,40180
3632,75630
656,38803
3633,210380
3634,78168
657,103045
3635,73047
3636,3652451
665,2844
666,3537250
4324,3700395
3805,3652712
1114,3871428
583,3871465
2654,3871429
2723,3871466
822,82787
823,3653801
4178,1096768
4179,30895
2441,3653902
2442,3653760
2443,3653760
3414,3653759
3415,3653759
3416,2600
470,12030
471,29105
472,9010
473,23961
474,41056
475,11685
476,3653721
732,3652629
262,20934
263,3652427
264,7906
265,7906
266,7906
267,7906
613,3652823
614,57846
4196,11588
4198,11588
3569,11588
3390,5041
3391,3653496
1826,74551
1827,2347974
1828,17245
4021,33228
4022,5330
4023,51149
4024,3652431
4025,9002
4026,32143
4027,32143
4028,55775
4029,21528
607,21528
608,21528
609,3653353
610,3539959
4810,3652963
4811,40864
4812,40864
4813,40864
4814,40864
4433,40864
4815,40864
4816,40864
4817,40864
4818,1948374
2538,1948374
2539,907850
2540,907850
920,3652432
923,3652991
924,3653137
874,74714
925,2421
926,59469
4359,6992
2218,6220
2219,1047
2220,1047
2023,1047
2024,64777
2025,48365
2026,3654028
2027,3654029
4685,3654027
4686,41040
4687,3652439
4688,2412
4727,3653528
3497,3653526
3160,3653493
3161,3652767
3162,3652763
3163,3653069
3164,3652974
3165,3652980
2010,10592
2011,10592
2012,85149
2013,85149
2014,2607219
2015,282686
3929,30873
3930,31376
3931,3653614
3932,3658013
3933,1701455
3934,1873633
3935,1169997
3936,60167
3937,4726765
1093,440016
1094,65988
5208,3502652
233,3653681
234,35554
2409,124008
2410,4082272
2411,53076
2412,280049
2413,360564
2414,360564
2415,360564
2416,360564
4580,3653608
4581,3652847
4582,3652847
4583,3653086
4584,3652846
4585,3653140
4586,3653087
4587,3653147
1746,66477
1747,40988
1313,18546
1750,5013
4952,54138
4061,71098
4158,66787
728,218986
729,60473
287,13136
288,893761
289,1871983
290,3539996
291,60926
292,59837
293,60135
4907,76829
4908,657912
1115,75262
4136,377265
3818,78844
4920,3652922
4921,38689
4922,38675
1543,38700
541,3653886
542,3653462
543,3887664
544,3653782
545,3653898
4638,70166
4639,1322006
4640,301341
4739,12582
1263,58762
1264,12777
1190,50066
1266,71043
1267,3871450
1268,64694
1269,2348738
1270,59678
4216,65959
4217,1302013
3682,2928411
4218,1365976
4219,3653007
4220,3653811
4222,3653300
3683,32857
4231,32857
3684,32857
4232,32857
3685,32857
3686,32857
3687,2698906
852,3652529
853,22938
4030,1434916
4031,19468
4032,19468
4033,3653311
4034,3653690
4035,3541361
4036,3653456
4037,3653390
1394,1874525
1395,3541970
1396,3653860
2765,772093
61,3652680
62,3541936
884,3541394
3272,73591
885,31987
3688,27353
3591,30031
2707,31953
3592,60493
2294,8806
4233,3653917
2295,27556
2296,3653495
2297,3653354
2298,3654013
4223,16245
3118,3654016
3899,35823
3900,24200
3901,25603
3689,63779
3902,5025
3903,5025
3904,5025
3905,62076
4234,62076
4235,62076
3498,6834
3499,25373
3500,25373
3501,25373
3343,25373
3502,7241
3503,3653106
3504,3652814
3505,3653075
3506,3653175
3654,172827
3733,139919
2082,378091
2083,650638
2084,85154
2085,15620
2086,34665
2087,8783
2088,618
2089,39902
2090,92777
4342,907349
3536,92801
3454,92801
3455,59985
3456,3540784
3457,3540784
3458,3540697
3459,3541368
3461,3540019
4273,56913
3462,28040
4588,1569608
4589,72510
4590,82607
4591,82607
4592,82607
4593,4905
4594,4905
4595,4905
4596,4905
2062,60501
2063,60501
2064,3653635
5290,3653809
5291,46100
1864,473
838,76275
839,8292
840,8292
4062,8292
4063,8292
4064,3653796
4159,3540780
3649,3653606
3821,3653611
11,3700392
12,3541388
13,3540033
1707,893383
14,6694
15,3653184
16,3540775
4447,3653708
3951,3653567
2115,3653773
3952,3653518
2116,30292
3953,3653693
3954,2983945
3955,73374
3956,73374
3957,42754
3958,1703334
1860,771950
1706,771950
437,3653699
3150,28027
3151,42874
3152,34272
3153,3138
3154,21547
3155,34266
3156,57606
3157,606070
3158,6246
3159,57605
3770,84711
4165,8281
2883,31408
2884,31408
2885,7561
2886,7549
2887,26651
1609,7560
2631,7554
5358,4059168
2633,7558
4180,352536
3106,60400
2960,55007
5177,3653666
5178,3653663
938,3653673
882,3653669
1354,3652586
1355,11041
1356,5038
1357,108124
1216,3652736
1217,2701863
1218,2959419
1219,2733073
1220,4271581
1221,4033631
1222,5227833
1223,4759127
1224,33513
2594,10132
2595,1961852
2596,2986922
2597,3652873
2598,25876
2599,142046
2600,142046
1124,57362
3574,68922
2601,33401
2602,262965
5024,13340
3131,527189
2371,527189
24,25145
2798,126120
2800,64263
2804,64870
481,64870
2669,2348231
2127,2348231
2128,3653955
2129,3542959
2130,33209
2131,1321960
2132,770704
2133,3652495
1478,593472
1479,443681
1980,3653139
1981,4059024
1982,25446
1765,56831
4950,25696
1015,32613
1016,8273
2299,10581
4422,40899
3324,4975
3325,20261
3326,20273
3327,302226
4086,682919
4087,950191
4088,950191
4089,3536924
4090,3536934
4091,3540017
4092,3653099
5138,3653153
5139,3652695
1516,3542958
4860,3653424
4700,3653370
4861,3653680
4862,3652522
4863,3653356
4864,3653436
4701,3653435
4865,27360
4401,5227831
2028,3541957
2029,68377
2037,3700403
2038,3700389
2040,1828451
1279,4059159
1280,3653297
1281,4301634
1283,4301632
1284,12253
1285,3654019
1286,3654020
1287,3654021
4650,3653380
1637,68897
3190,3653377
746,3540719
747,3652599
748,32483
749,3652549
750,22957
3537,64585
235,74769
236,74769
237,37688
238,37688
239,37688
240,37688
241,2974521
242,2000145
4735,1999375
4736,1121991
5099,55729
223,3653399
1865,3540763
1866,3541378
1867,3653481
1868,3653194
1869,3653203
1870,3653214
1871,3653210
2264,3653997
2265,3653326
2266,3653052
2267,3653232
2268,78264
2269,3495432
4211,68673
4212,66418
4213,77995
4214,3652934
4215,6222
3516,62664
3517,3179535
1820,113293
2310,209738
2426,164662
2427,963398
2428,663655
709,12132
710,12133
711,909839
712,540694
713,3652594
1923,3652942
1924,8161
1925,57831
1926,30438
3861,3653948
1927,3653299
1928,3653592
1708,3653527
2646,3539193
1709,304462
1710,3540704
2652,71070
1712,58192
2650,2164
1715,71957
1861,4960
439,59692
440,30903
441,28089
443,13084
1260,3653238
739,3653237
740,3871442
741,14938
742,3652876
3879,39840
3880,33487
3881,37537
1326,37537
2690,28215
962,43339
5233,1722685
5234,246269
2517,2366367
3647,5392453
2589,4505508
3648,37508
3650,37508
3820,3540723
3651,29994
3822,6644
4409,6644
4387,3540726
356,3540726
357,3652430
358,75523
359,26196
1077,26196
1078,3652493
3381,4301617
3382,3653765
4791,3653765
328,3653264
2936,3653263
2937,3653916
2938,3654003
2939,108101
2940,108111
2941,6709
2942,30969
2943,79466
2944,9014
2048,9014
2049,9014
633,140591
2533,76803
2534,66837
2535,3871461
2536,25815
2537,25815
672,25815
33,2934193
4106,1722260
4107,53817
3835,72032
3850,72032
3836,73992
3839,538927
3864,538927
3840,762662
175,913246
176,915142
177,972314
178,1176415
179,4519118
180,3652863
142,55921
181,3653878
182,3653406
4465,3653954
2489,3653830
2490,3539969
1288,3653781
3484,3653725
3485,3653723
3486,4053698
3487,4086264
3488,4287804
3489,4524315
3490,3896940
3491,526371
3277,2980091
3279,4743552
4728,5139749
1520,2351042
1521,65162
1522,65162
1523,8809
1524,8809
1525,8809
1509,8809
675,28365
677,28365
678,28902
679,28902
1105,28902
3371,3540036
3372,3652543
3373,5227821
3374,4524320
1772,1704311
1447,1704311
1453,3653788
1510,85824
1549,3653601
4634,995188
4635,2352806
4636,879427
4637,22478
1930,3653926
1932,3653304
1934,22245
1935,22245
1936,22245
1937,29193
1938,29193
1716,66165
1021,3652561
2330,301527
2331,137996
2332,3652560
191,3652611
2787,3652849
444,3896714
1626,3653448
1038,3653434
312,3652982
313,3652969
4605,72652
314,73631
315,73631
316,53097
4606,53097
4607,64311
4608,9071
317,171023
2865,9079
2866,78840
2867,378466
2868,298130
2869,526058
210,123047
211,259507
212,254215
3938,206460
4729,206461
4730,215717
4304,206232
4305,162922
4306,3438
4308,5196218
4309,169614
4310,4482910
4311,71972
4312,937917
3176,772319
102,90306
5332,4279599
2337,1451502
4678,937916
4679,39854
4680,3653327
4681,3653318
4682,3653321
4683,115510
122,49263
123,20811
124,20811
4684,20811
125,1367
4885,1367
1068,1367
1069,32334
4410,3652777
4411,3653021
4412,74750
4886,9074
4413,9074
1149,9074
1040,3540008
3051,772481
4351,105668
4352,105668
4799,3653244
4800,12054
4801,3653234
4802,2697
4803,116190
4804,128513
4353,3653256
4805,65696
4806,76959
4354,6463
4363,3652576
329,3871440
3383,42528
2945,5227845
2946,5227844
2947,3653093
2311,5211090
2206,4059163
2312,3652441
2313,5227838
2314,5227837
2417,3653828
2418,3653126
2419,3653127
2420,3653127
2421,3652857
2422,3653851
1511,3540761
4240,3653643
4241,12799
4242,3539183
4243,3541387
1896,3541954
1897,76115
1898,3540031
1899,3653549
1900,3653756
1901,3653756
1902,3653213
1903,3653212
1904,3653924
1658,3653893
3983,3653837
1659,6983
1777,25644
1778,3467842
1780,3886623
997,2931926
59,4043827
2404,6864
2405,2346819
60,3541953
3756,3653511
3757,3653404
3758,3653040
3759,3653062
3760,3653061
3761,3652435
3762,3653031
320,3653066
321,3653060
622,3653458
623,3654030
322,3652890
3841,3654032
798,3654033
799,3540046
800,3652804
801,3652772
802,1276887
803,2931929
804,3652715
805,3652771
806,966107
4898,1176308
4899,3653789
4900,3289
4901,3653564
5199,3653646
4902,30454
4903,32952
4904,32952
4905,27348
4906,6491
479,16945
480,3543843
3992,4301620
3993,38753
1983,3539184
1984,1874329
1985,1620263
1986,3652453
1987,3652724
4561,1952576
4562,1737290
4563,1635037
4564,1654733
4565,3535925
4566,3652744
4567,76840
4568,71132
4569,6376
3463,16860
2970,663241
2971,57144
2972,1268
2360,25638
4164,65636
1808,65636
606,68881
1421,16610
1811,78622
557,55915
558,2987716
559,3886731
1563,4519273
2813,3654002
2814,3653378
2815,3654001
4045,3653868
4046,72315
4047,50409
1307,60201
3832,60201
2280,2698676
2281,57982
2282,3540767
2283,216231
2284,210630
1454,218633
1455,305040
1457,3652665
4706,4317304
78,1998431
2651,3652548
4819,37355
79,1449556
4821,5400806
81,5577610
82,12551
151,12551
2768,3541401
3209,3858054
3210,27999
3211,31392
3212,22154
3213,63841
3214,40778
3215,22059
3216,3652646
3217,3652580
4609,3652469
4610,39419
4611,3652585
4612,3652584
4613,173083
4614,149368
4615,1321596
4616,48897
5260,23791
5262,2937
5263,718066
5264,3653486
2587,3653552
2588,3653757
4010,3653757
4249,1530889
883,3490329
1791,3653553
1792,3653097
1793,3653109
1794,3653431
1796,3652541
1645,3652829
1646,4695019
1647,2987648
1648,1135135
1649,1122962
1650,2987430
445,4301624
1682,4045493
1683,4058811
2630,2604307
1684,5227834
1685,1976853
1687,4765557
1688,4723313
1689,1977391
1690,4542164
1966,4530989
1967,4542162
1968,79015
1969,55151
1970,55151
4716,283828
4717,23726
4718,3653624
4719,3653625
1079,992
1080,3652563
1081,54836
1082,22860
1083,76891
3795,75007
816,57301
130,66685
131,753183
3384,78836
3385,165703
132,3653904
133,3653691
134,3653442
3386,3653618
3388,360396
3389,3653414
2570,360395
3732,3540712
1514,54835
4544,4521
4545,3540721
4546,3653922
4547,3653309
4548,2007
2110,3652854
1797,3653838
1798,4542191
1799,4542158
772,4759128
773,3653665
1002,3653672
774,3653668
775,3653662
3073,6881
4491,6882
52,37982
53,961485
54,4045511
55,3652604
56,15021
7,33705
3467,3653479
501,3652722
502,3540696
503,59471
504,15843
1604,15843
904,50339
905,965618
5025,966225
5026,3540706
906,1869620
5027,969324
5028,3653403
5029,13036
907,242896
876,143083
5031,904505
5032,612470
3530,169964
3127,1876200
3128,4726770
624,1696547
625,54568
626,145185
627,69833
628,3779
629,73547
630,41023
2099,65832
2234,128603
2235,1096766
2236,3541390
2237,4759134
2238,4535697
2239,5241834
2240,5432209
2306,4059158
2307,4050748
2308,4535599
2309,4542173
3538,3652939
1432,2984006
1433,58193
1533,1875131
1534,3653950
3959,25153
2117,34417
3960,3653548
2702,3653752
2703,3653752
2704,6931
2705,6931
2706,763832
5211,771461
4628,85174
5212,85174
4631,85191
5213,42679
5214,29276
5217,42670
5218,3530172
4630,78257
4236,672663
4237,4726772
4238,3653556
4239,3653163
1139,61751
2373,66042
2374,55804
2375,12125
2376,134110
2377,3652559
758,377223
759,37135
4526,24328
743,11701
1854,3653545
5164,55894
3706,65870
3707,31447
3708,15827
3709,15827
3710,12201
3711,11786
3712,24977
3713,59791
3714,69021
3715,3539977
2292,3653688
3098,3654043
3099,3653641
3100,63815
3102,63757
3103,22026
3104,63817
3105,123865
3310,63828
3311,25869
3312,22005
4077,22041
4078,3653419
1289,3539960
1290,3653421
1291,3653312
1292,3653650
1293,771612
1294,2825247
1034,37549
73,36071
74,73983
2829,59708
2830,51254
2854,51254
2832,55573
2834,717880
2848,2929052
2835,1613391
2846,1827180
5276,939216
5277,1998239
5278,5400117
5279,3486538
725,3191261
3736,529934
1691,3652446
1692,257928
1693,48038
1695,58415
998,3540765
5046,6684
5047,3653735
5048,3654025
5049,3364
5050,12798
3796,724804
3008,724804
3009,304533
3010,58279
3011,41345
3012,1981
3013,61323
3014,663351
3015,61330
3016,24477
817,24477
330,24477
331,25023
2888,1911
2889,39832
2890,39832
2891,60477
2892,55709
2893,15821
2894,3539182
2346,3273401
2347,3652527
2348,3490795
1168,149236
1169,4519112
494,4050579
1836,4475875
1837,4542170
3017,4519229
3055,4519728
3056,282685
3057,34085
3058,3654008
5003,3539958
338,3652877
594,66624
3798,168388
3018,1533126
454,78569
4108,619323
595,76652
455,65858
1766,85208
1781,49506
332,69709
2438,3540762
2439,3541959
2440,3541396
3468,3540792
3469,3541971
3290,521939
3291,3653849
3292,16367
3293,8290
3294,9026
3295,376160
3296,39955
1859,3653162
5238,983
5302,983
1773,64582
4429,3653484
1774,71774
1775,3653590
4286,114875
4287,71036
4288,142916
2518,25042
2519,25042
2520,55738
2521,3652573
2522,3652598
1098,3539978
1099,4542168
1100,4542179
5251,3871449
1101,3700402
1102,4301618
1103,4059164
1104,3700405
4432,3700388
4434,1302121
2176,16225
2177,65895
2178,13954
2180,138666
2181,388753
2182,69805
2183,76126
2184,146010
2185,146010
4766,1099677
4767,772089
4768,2772
389,355614
390,3540777
391,3540722
392,3854036
393,3653734
394,3374
395,3653799
396,3653620
397,3653929
3067,1518041
3068,2742502
3069,12082
760,3652768
2767,3652716
4726,3652732
1180,3653024
3523,12341
3524,2353893
3525,5227835
3526,1122087
3528,1872109
3980,666743
2285,966666
2287,717758
215,18513
216,8992
2017,3652473
2018,1956796
2019,3652650
2020,37125
2021,3652602
1144,216971
1147,3652545
3862,42682
3863,3652497
3865,105205
3866,25382
3867,31412
3868,33148
3869,3179549
3870,2607479
5051,5139820
5052,3885068
5054,167117
5058,2973895
5059,1456408
3019,65865
3020,360518
3021,360518
3022,2929237
3023,3652556
2406,2146455
2407,3652709
2408,1579345
2479,2146454
257,5432207
258,41044
259,2587184
4962,3652492
4963,982156
4965,3653984
4966,1828393
4967,304977
2202,1136262
2203,72511
4968,55578
4969,13360
2204,59680
2205,2575
4121,39771
596,3653987
1719,771707
1721,52945
3132,3654045
1368,3541966
1369,262964
1370,3654015
1371,13085
1372,13085
1373,4301627
1374,4301621
1375,4301628
1376,4301623
1377,4301606
3745,3653177
3746,526399
3747,78703
3748,65656
3749,132512
3750,2717539
3751,766108
4833,53108
3752,378675
3753,3653219
872,3653220
4933,3653119
4934,286185
4935,3539110
2653,3486460
2961,981916
2962,3653277
2963,3541399
2964,3540798
2965,3541398
2966,2555
2967,48306
2968,290883
2969,246421
2222,286224
3887,851344
842,360720
2862,1872203
2863,164678
4694,3653798
4695,37659
4394,209211
2523,28833
4395,3652739
4396,3652725
2524,544336
4397,3653389
4398,3376
4399,2073
4400,4324236
2250,5401044
2251,3653597
2252,1311070
2253,3539171
2254,3539171
2255,3852841
2256,4045494
2257,3853822
2258,905464
2259,3652674
350,116294
351,75783
4373,68475
2300,12383
2301,37532
2270,3848534
2271,3652718
2272,3652901
2186,86197
2187,27355
2188,76705
2189,76705
2190,55375
2191,63953
2192,63953
2193,13547
2194,13547
1941,75503
1942,3653407
1943,3652679
71,30858
4269,3652600
1667,77377
780,3653777
3645,360390
5096,42210
781,3653581
782,3539937
783,3540785
784,3539190
785,3539091
786,3537128
787,3653487
3663,3653595
4227,3653057
3888,3652703
951,3652711
952,3652728
953,982068
954,66469
3400,8232
3401,3653826
3402,18165
3403,60504
3404,60504
3405,3871455
1415,3652438
1416,388638
2053,3653440
2054,3653459
2055,24476
2056,24476
2057,851342
2058,771691
2059,771691
2060,65517
2061,65517
2611,40018
2552,40018
4441,3653952
90,3001
5004,78595
5005,246904
5006,3009
5007,3653492
5008,77163
5009,12381
5010,3542456
5011,3653632
5012,30349
5013,30073
1378,3652961
1651,3653229
1379,54306
1380,301408
1381,30883
1382,2640
1383,54249
1384,4743
3672,51241
3673,36516
3674,301407
3675,3653269
3676,3653270
3677,4718
3678,1527027
3679,1998098
3680,672708
928,1948068
930,2743752
931,3540715
932,3652865
496,3653977
497,28073
498,4293375
499,3540039
500,4059165
4362,5789
2880,3653637
2881,3653717
2882,3539170
3078,3653524
5067,3653728
3297,3653729
166,3653730
167,17861
168,17861
169,3541397
170,5632
171,5632
172,3653158
173,1101838
174,286651
643,82608
644,965129
4477,528023
4478,74554
4479,3652830
4480,85542
4481,24027
4482,3539946
3514,3540032
4483,3541941
971,253355
2393,762659
2394,3653128
2395,3540774
2396,75632
2397,528166
2398,540623
2399,914729
2400,297635
2401,754647
2526,759933
2527,4519199
2528,301289
5303,55443
5304,3653262
1993,3652972
2575,3652975
2576,3652905
2577,3652897
2578,3653010
4182,3652970
4183,3652567
4184,3652702
2362,3653168
2363,3652813
2364,3652575
2365,3653364
2366,3653363
2367,3653467
2368,3539992
2369,3539998
2370,3653684
373,31982
375,40135
377,11817
378,53535
379,33493
777,3653125
778,11479
779,543464
4210,16294
5248,16294
1050,1675326
2195,874161
2196,216660
2197,2931958
2198,728810
2675,56301
2676,2711
2677,16293
5118,3652663
2678,48250
5265,25646
5266,3653171
5119,28128
5267,3652869
5120,3652809
1254,3871425
1801,3652719
1802,43822
1803,3652591
1804,3653704
3304,76382
3305,76382
3306,3540703
3307,3653026
4825,3871464
4826,1667052
4828,3539090
4829,3653032
1838,3653037
4048,3653023
4049,537439
4050,759032
1839,22230
1407,3653067
221,26388
222,84528
4707,30077
4708,380393
4709,2003424
4732,5432219
4382,5574906
4384,4722639
4385,5432227
4386,5432221
830,5432228
831,5432218
832,5432233
833,5432226
834,5432225
1035,5577420
26,5432229
117,5432220
4823,5577414
3549,5577413
4758,5242093
4414,1257385
988,3652918
989,3652917
991,5432217
992,2823
993,141582
994,78956
995,38418
996,256103
3848,6188
3520,16016
3849,42071
3851,1099456
3852,12052
3853,3539971
3854,3653420
3512,3543842
3513,3543842
3515,15039
4083,58782
4084,3652590
4085,1532221
4289,3700387
2424,3652915
2425,3652761
3052,3652610
3053,3653170
3054,3653084
3842,3652658
3843,3652615
3844,54999
3845,3653120
418,3653123
419,15518
420,42971
421,3709760
422,7546
423,3859426
424,3143
425,3143
426,3542943
3551,3653505
1906,3653726
1907,1874314
4759,3653566
1494,3653281
1496,3653284
1498,3653284
1499,2403
1500,3652686
761,771913
762,3871435
1501,2928856
1502,3871463
765,3871460
766,3700401
791,3653222
792,301499
793,3653221
1733,3653239
794,60282
2741,60282
795,3653209
836,3653259
2847,288495
2849,3652697
2850,2132
2851,25677
2852,25677
2853,677667
4702,1721300
4866,210657
4450,3653375
4451,935989
4452,1455147
4703,1721377
3660,1831731
3661,2987417
3662,4508722
1057,55899
1058,1337242
1059,249582
1060,43668
4878,3713906
4879,137904
4880,718050
2529,768119
2530,717539
2531,3696416
2532,540213
1125,717537
2100,60231
4652,4301626
508,5432224
3034,3653499
3035,5432223
399,1882413
380,3653766
381,3653766
383,3536920
384,3540021
385,3653541
387,5432231
5333,5401043
2916,3653755
2698,3653755
4721,53396
4549,53396
94,39052
95,2607750
96,3654041
4754,43934
97,21968
98,3652554
99,3653092
100,939219
101,4330502
3613,2346801
3614,2928241
3615,3653072
3616,3653001
3617,3653000
4099,3652981
38,3652433
2207,3653073
2208,3652704
955,2937472
956,2241628
957,10525
958,42674
959,2955629
961,3539968
963,1562240
2209,3652714
2210,3652769
2635,3871430
983,3652938
3339,3652937
3340,3652713
3341,4759131
3342,4059156
3344,7550
3345,65295
3507,7541
3471,7562
751,7562
5269,7557
3692,7556
2070,7551
2071,7555
2072,7537
2073,3653042
2074,3653028
2075,53116
2076,75501
2077,3652555
2078,3652482
2612,3818757
2613,3475363
3366,2983948
3367,1738934
3264,1876229
3436,35525
3437,3252090
3438,3491974
4181,2605855
135,3661290
722,3852512
723,2976303
724,3653199
726,3653918
2565,3653918
2567,25219
2568,1313052
727,1565316
1036,1435749
1636,3654000
1037,74765
1039,37167
1041,26885
1042,3653174
1043,6639
2145,3652997
2146,3652951
2147,3653009
2148,3652832
2149,15025
2150,59849
2151,2158
2152,50393
2153,532578
2154,66535
767,43983
768,3653076
5197,3536753
5202,3653921
5203,120107
4943,85272
5204,6456
4488,121902
4489,77275
4490,48318
4039,65093
4040,61078
4041,3653920
4042,3653920
4043,3540026
4044,29274
4503,29274
1630,29274
4743,40263
4744,40263
2559,74246
1430,28095
2560,59869
1463,3652457
2561,59752
4294,71809
4295,101700
4296,72127
4297,31974
4298,1040
4299,123163
4300,68887
1872,51917
2008,4688747
2009,2713595
152,1138226
153,2983876
939,3660913
940,1434792
941,4519220
128,5139876
3042,3652816
3043,3652618
25,3652840
3045,3652835
3046,3653622
3047,3653314
3048,3653542
2002,3653346
2003,3653388
2004,5432232
3087,3541958
3088,3653839
4004,31379
2447,50451
2448,76808
2449,17687
2450,3653713
1061,3653382
1633,3653599
1425,3653949
1426,14448
1428,1964
890,55332
3595,22237
3596,37518
3597,17986
3598,142822
3599,77089
3600,4301604
3601,5227822
3602,757422
3603,3653317
4923,3653336
1602,3653323
3271,3653334
3618,3653337
3619,3653930
2402,3652609
2403,770939
3356,301302
3357,301302
3358,3652603
3359,41660
3360,3652945
3361,8280
3362,600823
2709,2348593
2710,3886551
2711,4301616
103,1311253
104,252667
105,3656970
106,3653245
2807,3653248
2734,3653247
107,3653246
796,3653149
797,3653111
4887,3653148
4888,3653091
4889,3653600
4890,3653141
4891,3653888
4892,3652828
4947,1510448
4948,3653543
477,4519258
3318,5100
3319,3653152
3320,3653191
3321,24547
3322,3652530
3346,53289
3347,4542169
3348,4282509
1807,3848704
4271,754659
4272,3652757
4274,3653727
4275,3652595
4276,1566826
4277,4045491
4278,132326
1610,288165
1612,674428
1613,768182
1614,53122
2614,8328
4065,36534
4066,5035
4067,38742
4068,3653228
277,3886073
1597,1881274
1598,5098
4981,18988
4982,52430
4983,52432
4984,52429
4985,2828299
4986,52427
1653,40898
1000,25842
1654,12271
1044,20223
1045,116074
5250,54422
75,3166
1046,72247
1047,3652533
1048,30829
1049,30830
4509,69638
999,52772
3737,70557
3738,70217
3739,33056
3740,33056
3741,30840
3742,72176
3743,3652851
3744,3871451
3990,3652776
744,644519
4485,55740
597,55146
340,27329
598,54207
599,644503
600,63340
456,22028
601,5238098
457,3871458
458,4542175
459,2603873
3553,3848580
3554,796545
341,391001
2733,2830183
1632,1702776
192,246415
193,144576
194,3654036
195,3654035
196,3537185
197,2699951
198,38774
199,3652965
200,3653053
3247,2919267
2759,3652648
427,3817397
3188,12471
3189,44923
3191,12472
3192,75628
3193,7047
3194,42646
3195,42646
3196,209227
3197,209227
1308,304550
1309,3652465
1310,40987
5085,3538923
4006,3653546
5087,3653520
5089,292819
5090,17066
5092,17066
4924,3654038
4925,3653935
4926,3540725
4927,3540725
4928,73994
4929,3652920
4930,359091
4931,115656
763,63449
4932,728747
1339,1328025
1340,2935436
1939,4726900
1342,3896762
1343,3653051
1344,3653011
4135,1435444
733,3653960
734,3652891
735,26833
736,3653537
737,3653536
3423,3653301
3424,3542457
3425,3540781
3426,3653433
2864,3539102
5252,3653295
2825,16745
1978,3541386
1979,3540744
769,3652992
770,53533
4781,360172
4782,71324
4783,62674
4784,76664
4785,3652946
4786,301371
4787,71103
4788,76687
4789,34301
3070,3539186
3071,2745274
3620,39623
51,477
3225,46948
3226,73379
3227,1138235
3228,245179
3229,15043
3230,109002
3231,70592
3232,3244837
3233,4759130
1399,3652778
1400,3652797
1477,3653058
4697,3653068
4698,3652434
4699,3652977
2476,58895
2477,59867
2478,206816
1258,3652802
1259,3652783
4337,3652783
4338,3652746
4339,3652456
4341,3652456
4988,3652785
4989,3652785
4990,6388
4991,53071
4992,41030
2879,7299
2302,7299
2303,3652454
2304,68367
1460,107497
2305,3539973
1461,3642427
1462,8736
1464,171447
1465,76843
837,2828290
5286,2827236
4279,4705101
755,3653854
756,3540720
534,3540731
535,3653289
536,55891
537,6213
538,50844
539,24002
540,9033
23,29997
4423,25051
3480,8188
3481,12010
3482,3871427
3483,358509
2625,3653911
2626,63103
2629,24001
1735,3541930
1736,3540753
2666,3653557
3262,3539128
461,3541961
462,56643
463,164858
3263,959
5108,40989
3265,25678
3266,33399
3267,8286
